alert_id,timestamp,src_ip,dst_ip,proto,duration,src_bytes,dst_bytes,pkt_count,failed_logins,label
ALRT-00000,2026-01-01T00:00:00,10.0.118.1,192.168.1.75,tcp,1.77,902,3027,47,0,0
ALRT-00001,2026-01-01T00:01:00,10.0.58.15,192.168.1.165,tcp,2.28,1177,3070,61,0,0
ALRT-00002,2026-01-01T00:02:00,10.0.127.93,192.168.1.194,tcp,1.06,1682,4829,44,0,0
ALRT-00003,2026-01-01T00:03:00,10.0.33.174,192.168.1.101,tcp,0.59,1047,4483,69,0,0
ALRT-00004,2026-01-01T00:04:00,10.0.45.87,192.168.1.163,tcp,0.87,1974,2417,40,0,0
ALRT-00005,2026-01-01T00:05:00,10.0.251.17,192.168.1.2,tcp,0.19,1273,1572,50,0,0
ALRT-00006,2026-01-01T00:06:00,10.0.63.81,192.168.1.74,tcp,1.05,1912,2727,49,0,0
ALRT-00007,2026-01-01T00:07:00,10.0.129.62,192.168.1.242,tcp,1.12,251,2082,44,0,0
ALRT-00008,2026-01-01T00:08:00,10.0.247.2,192.168.1.146,tcp,2.59,1631,3470,41,0,0
ALRT-00009,2026-01-01T00:09:00,10.0.241.136,192.168.1.220,udp,1.68,1002,4390,49,0,0
ALRT-00010,2026-01-01T00:10:00,10.0.9.30,192.168.1.56,tcp,2.91,1360,2790,27,0,0
ALRT-00011,2026-01-01T00:11:00,10.0.26.73,192.168.1.74,tcp,4.92,1077,3201,27,0,0
ALRT-00012,2026-01-01T00:12:00,10.0.84.163,192.168.1.247,tcp,2.65,1416,3800,20,0,0
ALRT-00013,2026-01-01T00:13:00,10.0.79.184,192.168.1.253,icmp,4.05,70259,194,736,12,1
ALRT-00014,2026-01-01T00:14:00,10.0.74.67,192.168.1.222,udp,0.04,801,4216,13,0,0
ALRT-00015,2026-01-01T00:15:00,10.0.70.84,192.168.1.81,tcp,0.8,1640,5519,38,0,0
ALRT-00016,2026-01-01T00:16:00,10.0.213.63,192.168.1.203,tcp,0.9,1220,3500,30,0,0
ALRT-00017,2026-01-01T00:17:00,10.0.69.243,192.168.1.117,tcp,0.37,1386,3253,28,0,0
ALRT-00018,2026-01-01T00:18:00,10.0.166.49,192.168.1.214,tcp,3.98,1307,1517,44,0,0
ALRT-00019,2026-01-01T00:19:00,10.0.221.47,192.168.1.216,udp,2.42,853,2419,30,0,0
ALRT-00020,2026-01-01T00:20:00,10.0.41.113,192.168.1.111,tcp,4.09,1527,3525,33,0,0
ALRT-00021,2026-01-01T00:21:00,10.0.176.48,192.168.1.78,tcp,0.95,1121,1159,27,0,0
ALRT-00022,2026-01-01T00:22:00,10.0.192.40,192.168.1.247,tcp,0.89,1443,1814,26,0,0
ALRT-00023,2026-01-01T00:23:00,10.0.199.25,192.168.1.114,udp,2.64,1819,1670,22,0,0
ALRT-00024,2026-01-01T00:24:00,10.0.118.162,192.168.1.110,tcp,0.73,995,1975,36,0,0
ALRT-00025,2026-01-01T00:25:00,10.0.67.155,192.168.1.169,udp,3.57,1239,2580,25,0,0
ALRT-00026,2026-01-01T00:26:00,10.0.175.165,192.168.1.237,tcp,1.27,1321,4440,23,0,0
ALRT-00027,2026-01-01T00:27:00,10.0.101.196,192.168.1.34,icmp,1.72,74309,44,772,30,1
ALRT-00028,2026-01-01T00:28:00,10.0.186.83,192.168.1.250,tcp,1.81,1096,3809,38,0,0
ALRT-00029,2026-01-01T00:29:00,10.0.187.233,192.168.1.107,udp,5.15,1432,2662,38,0,0
ALRT-00030,2026-01-01T00:30:00,10.0.208.186,192.168.1.7,udp,0.0,877,2260,81,0,0
ALRT-00031,2026-01-01T00:31:00,10.0.195.204,192.168.1.79,tcp,0.52,1245,1810,44,0,0
ALRT-00032,2026-01-01T00:32:00,10.0.73.183,192.168.1.118,tcp,0.75,1204,4226,54,0,0
ALRT-00033,2026-01-01T00:33:00,10.0.50.91,192.168.1.172,tcp,0.14,845,1678,40,0,0
ALRT-00034,2026-01-01T00:34:00,10.0.238.72,192.168.1.144,tcp,4.92,1515,3419,43,0,0
ALRT-00035,2026-01-01T00:35:00,10.0.215.107,192.168.1.35,tcp,1.84,1527,2556,31,0,0
ALRT-00036,2026-01-01T00:36:00,10.0.53.25,192.168.1.124,udp,4.25,1165,4176,45,0,0
ALRT-00037,2026-01-01T00:37:00,10.0.139.115,192.168.1.59,udp,1.14,1087,3713,24,0,0
ALRT-00038,2026-01-01T00:38:00,10.0.130.11,192.168.1.69,tcp,13.21,1424,1499,48,0,0
ALRT-00039,2026-01-01T00:39:00,10.0.68.1,192.168.1.180,tcp,0.58,1286,2631,41,0,0
ALRT-00040,2026-01-01T00:40:00,10.0.77.236,192.168.1.204,tcp,1.95,882,3035,44,0,0
ALRT-00041,2026-01-01T00:41:00,10.0.38.175,192.168.1.40,tcp,0.74,1418,4138,23,0,0
ALRT-00042,2026-01-01T00:42:00,10.0.1.143,192.168.1.153,tcp,0.59,1375,2762,55,0,0
ALRT-00043,2026-01-01T00:43:00,10.0.234.87,192.168.1.107,udp,1.13,48249,351,615,12,1
ALRT-00044,2026-01-01T00:44:00,10.0.50.145,192.168.1.86,tcp,1.7,1269,2641,46,0,0
ALRT-00045,2026-01-01T00:45:00,10.0.71.226,192.168.1.181,tcp,2.58,1080,3618,38,0,0
ALRT-00046,2026-01-01T00:46:00,10.0.216.166,192.168.1.63,tcp,0.54,1537,3675,41,0,0
ALRT-00047,2026-01-01T00:47:00,10.0.162.153,192.168.1.194,tcp,9.3,1151,2620,40,0,0
ALRT-00048,2026-01-01T00:48:00,10.0.187.117,192.168.1.102,tcp,4.29,1003,2333,54,0,0
ALRT-00049,2026-01-01T00:49:00,10.0.247.88,192.168.1.25,udp,1.43,1890,3123,29,0,0
ALRT-00050,2026-01-01T00:50:00,10.0.2.177,192.168.1.201,tcp,0.56,890,3058,51,0,0
ALRT-00051,2026-01-01T00:51:00,10.0.168.249,192.168.1.216,tcp,1.33,1028,2909,43,0,0
ALRT-00052,2026-01-01T00:52:00,10.0.100.108,192.168.1.143,udp,1.25,1333,3682,50,0,0
ALRT-00053,2026-01-01T00:53:00,10.0.143.100,192.168.1.184,udp,2.03,1433,2119,61,0,0
ALRT-00054,2026-01-01T00:54:00,10.0.200.109,192.168.1.38,udp,1.17,1073,3058,58,0,0
ALRT-00055,2026-01-01T00:55:00,10.0.199.108,192.168.1.86,tcp,1.01,723,981,36,0,0
ALRT-00056,2026-01-01T00:56:00,10.0.57.251,192.168.1.89,tcp,1.97,1286,1816,48,0,0
ALRT-00057,2026-01-01T00:57:00,10.0.134.179,192.168.1.194,tcp,3.22,735,4417,8,0,0
ALRT-00058,2026-01-01T00:58:00,10.0.150.91,192.168.1.90,tcp,0.72,1225,3230,58,0,0
ALRT-00059,2026-01-01T00:59:00,10.0.247.94,192.168.1.185,tcp,6.99,1227,1576,59,0,0
ALRT-00060,2026-01-01T01:00:00,10.0.253.109,192.168.1.78,udp,1.89,827,5728,40,0,0
ALRT-00061,2026-01-01T01:01:00,10.0.5.10,192.168.1.153,tcp,1.75,2000,3727,30,0,0
ALRT-00062,2026-01-01T01:02:00,10.0.248.134,192.168.1.54,udp,0.12,1310,2549,34,0,0
ALRT-00063,2026-01-01T01:03:00,10.0.98.206,192.168.1.142,tcp,0.91,1088,2593,57,0,0
ALRT-00064,2026-01-01T01:04:00,10.0.157.168,192.168.1.21,udp,2.31,1692,2966,24,0,0
ALRT-00065,2026-01-01T01:05:00,10.0.174.51,192.168.1.186,tcp,2.29,1764,2698,27,0,0
ALRT-00066,2026-01-01T01:06:00,10.0.22.185,192.168.1.8,tcp,0.65,1535,3402,36,0,0
ALRT-00067,2026-01-01T01:07:00,10.0.5.183,192.168.1.253,udp,0.74,553,3601,35,0,0
ALRT-00068,2026-01-01T01:08:00,10.0.33.67,192.168.1.213,tcp,1.44,1394,4750,26,0,0
ALRT-00069,2026-01-01T01:09:00,10.0.180.158,192.168.1.147,udp,3.05,1598,1605,40,0,0
ALRT-00070,2026-01-01T01:10:00,10.0.199.155,192.168.1.231,tcp,2.07,1373,2734,21,0,0
ALRT-00071,2026-01-01T01:11:00,10.0.12.213,192.168.1.205,tcp,1.67,1649,2028,38,0,0
ALRT-00072,2026-01-01T01:12:00,10.0.55.35,192.168.1.37,udp,0.32,1154,3473,35,0,0
ALRT-00073,2026-01-01T01:13:00,10.0.224.50,192.168.1.189,tcp,0.26,1068,2078,29,0,0
ALRT-00074,2026-01-01T01:14:00,10.0.136.123,192.168.1.96,udp,2.14,1012,3959,19,0,0
ALRT-00075,2026-01-01T01:15:00,10.0.196.12,192.168.1.217,tcp,3.2,503,2526,52,0,0
ALRT-00076,2026-01-01T01:16:00,10.0.27.106,192.168.1.219,tcp,2.55,2008,3971,40,1,0
ALRT-00077,2026-01-01T01:17:00,10.0.120.200,192.168.1.242,tcp,1.45,659,2998,57,0,0
ALRT-00078,2026-01-01T01:18:00,10.0.154.38,192.168.1.115,tcp,1.03,1159,1848,48,0,0
ALRT-00079,2026-01-01T01:19:00,10.0.249.117,192.168.1.49,tcp,2.64,1236,3376,30,0,0
ALRT-00080,2026-01-01T01:20:00,10.0.245.251,192.168.1.32,tcp,0.16,1170,2171,31,0,0
ALRT-00081,2026-01-01T01:21:00,10.0.13.128,192.168.1.42,tcp,0.74,943,4699,48,0,0
ALRT-00082,2026-01-01T01:22:00,10.0.107.127,192.168.1.251,tcp,1.13,859,3300,37,0,0
ALRT-00083,2026-01-01T01:23:00,10.0.79.142,192.168.1.149,tcp,6.25,1091,2998,25,0,0
ALRT-00084,2026-01-01T01:24:00,10.0.125.48,192.168.1.90,tcp,1.23,1911,3608,46,0,0
ALRT-00085,2026-01-01T01:25:00,10.0.73.38,192.168.1.114,tcp,0.81,1495,2057,34,0,0
ALRT-00086,2026-01-01T01:26:00,10.0.215.172,192.168.1.44,tcp,2.69,12740,8,222,0,1
ALRT-00087,2026-01-01T01:27:00,10.0.98.101,192.168.1.145,tcp,1.63,667,2256,47,0,0
ALRT-00088,2026-01-01T01:28:00,10.0.20.74,192.168.1.108,tcp,1.05,1316,1402,41,0,0
ALRT-00089,2026-01-01T01:29:00,10.0.235.8,192.168.1.202,tcp,2.55,1234,3878,28,0,0
ALRT-00090,2026-01-01T01:30:00,10.0.37.215,192.168.1.6,tcp,3.67,1954,2943,44,0,0
ALRT-00091,2026-01-01T01:31:00,10.0.132.9,192.168.1.236,udp,1.13,1129,3397,42,0,0
ALRT-00092,2026-01-01T01:32:00,10.0.124.190,192.168.1.16,tcp,3.56,947,2745,33,0,0
ALRT-00093,2026-01-01T01:33:00,10.0.87.97,192.168.1.106,udp,0.4,1279,3153,60,0,0
ALRT-00094,2026-01-01T01:34:00,10.0.160.152,192.168.1.87,tcp,2.59,1598,2412,41,0,0
ALRT-00095,2026-01-01T01:35:00,10.0.230.63,192.168.1.182,tcp,0.36,578,3691,48,0,0
ALRT-00096,2026-01-01T01:36:00,10.0.70.40,192.168.1.167,udp,1.18,1379,2964,24,0,0
ALRT-00097,2026-01-01T01:37:00,10.0.169.135,192.168.1.50,tcp,1.02,1099,3950,54,0,0
ALRT-00098,2026-01-01T01:38:00,10.0.88.176,192.168.1.125,tcp,6.11,1085,1920,35,0,0
ALRT-00099,2026-01-01T01:39:00,10.0.96.50,192.168.1.136,tcp,0.78,1715,3474,39,0,0
ALRT-00100,2026-01-01T01:40:00,10.0.137.111,192.168.1.118,tcp,3.07,1529,3102,37,0,0
ALRT-00101,2026-01-01T01:41:00,10.0.103.113,192.168.1.6,tcp,2.67,567,1828,41,0,0
ALRT-00102,2026-01-01T01:42:00,10.0.233.55,192.168.1.46,udp,0.3,1592,1332,36,0,0
ALRT-00103,2026-01-01T01:43:00,10.0.70.143,192.168.1.128,udp,0.01,1492,2529,38,0,0
ALRT-00104,2026-01-01T01:44:00,10.0.11.37,192.168.1.66,tcp,2.76,1659,2550,39,0,0
ALRT-00105,2026-01-01T01:45:00,10.0.144.129,192.168.1.138,tcp,0.24,1452,2786,28,0,0
ALRT-00106,2026-01-01T01:46:00,10.0.166.29,192.168.1.42,tcp,0.57,1527,2555,46,1,0
ALRT-00107,2026-01-01T01:47:00,10.0.217.123,192.168.1.187,icmp,12.07,104227,0,1066,0,1
ALRT-00108,2026-01-01T01:48:00,10.0.39.79,192.168.1.48,tcp,2.6,1351,3106,34,0,0
ALRT-00109,2026-01-01T01:49:00,10.0.58.115,192.168.1.165,tcp,0.08,1031,3272,53,1,0
ALRT-00110,2026-01-01T01:50:00,10.0.119.110,192.168.1.212,tcp,0.99,1025,2474,41,0,0
ALRT-00111,2026-01-01T01:51:00,10.0.117.230,192.168.1.91,tcp,2.21,1615,1439,72,0,0
ALRT-00112,2026-01-01T01:52:00,10.0.244.124,192.168.1.36,tcp,13.24,71662,380,661,5,1
ALRT-00113,2026-01-01T01:53:00,10.0.245.208,192.168.1.2,udp,1.54,1482,3362,63,0,0
ALRT-00114,2026-01-01T01:54:00,10.0.209.58,192.168.1.92,tcp,4.58,975,3782,56,0,0
ALRT-00115,2026-01-01T01:55:00,10.0.111.90,192.168.1.30,tcp,0.28,1787,1101,63,0,0
ALRT-00116,2026-01-01T01:56:00,10.0.24.19,192.168.1.224,tcp,5.92,833,3245,49,0,0
ALRT-00117,2026-01-01T01:57:00,10.0.158.107,192.168.1.247,tcp,26.75,52227,73,1115,12,1
ALRT-00118,2026-01-01T01:58:00,10.0.210.170,192.168.1.249,tcp,0.37,1928,2749,18,0,0
ALRT-00119,2026-01-01T01:59:00,10.0.21.213,192.168.1.234,udp,3.46,1419,4774,49,0,0
ALRT-00120,2026-01-01T02:00:00,10.0.126.144,192.168.1.149,tcp,0.54,1177,4390,21,0,0
ALRT-00121,2026-01-01T02:01:00,10.0.246.162,192.168.1.83,udp,0.78,1367,3973,59,0,0
ALRT-00122,2026-01-01T02:02:00,10.0.5.45,192.168.1.113,udp,0.35,1530,3523,28,1,0
ALRT-00123,2026-01-01T02:03:00,10.0.108.10,192.168.1.66,tcp,1.07,1440,3040,44,0,0
ALRT-00124,2026-01-01T02:04:00,10.0.42.201,192.168.1.213,tcp,1.75,1048,3206,47,0,0
ALRT-00125,2026-01-01T02:05:00,10.0.36.43,192.168.1.111,tcp,2.12,1035,1635,27,0,0
ALRT-00126,2026-01-01T02:06:00,10.0.128.24,192.168.1.98,tcp,1.82,1504,4689,34,0,0
ALRT-00127,2026-01-01T02:07:00,10.0.65.238,192.168.1.175,tcp,3.35,1791,2804,40,0,0
ALRT-00128,2026-01-01T02:08:00,10.0.161.244,192.168.1.95,tcp,0.85,986,2867,46,0,0
ALRT-00129,2026-01-01T02:09:00,10.0.90.156,192.168.1.91,tcp,1.5,1581,1670,50,0,0
ALRT-00130,2026-01-01T02:10:00,10.0.60.96,192.168.1.58,tcp,1.81,1636,3995,26,0,0
ALRT-00131,2026-01-01T02:11:00,10.0.44.211,192.168.1.18,udp,0.35,1607,4154,39,1,0
ALRT-00132,2026-01-01T02:12:00,10.0.46.52,192.168.1.10,tcp,0.13,991,3211,42,0,0
ALRT-00133,2026-01-01T02:13:00,10.0.118.109,192.168.1.102,udp,6.74,26767,567,1112,5,1
ALRT-00134,2026-01-01T02:14:00,10.0.80.91,192.168.1.252,tcp,1.51,1240,2992,28,1,0
ALRT-00135,2026-01-01T02:15:00,10.0.75.231,192.168.1.66,tcp,1.0,1222,2495,47,0,0
ALRT-00136,2026-01-01T02:16:00,10.0.147.233,192.168.1.163,tcp,0.13,1263,1560,37,0,0
ALRT-00137,2026-01-01T02:17:00,10.0.251.165,192.168.1.83,tcp,0.4,1356,4060,44,0,0
ALRT-00138,2026-01-01T02:18:00,10.0.210.29,192.168.1.77,tcp,0.87,762,1340,51,0,0
ALRT-00139,2026-01-01T02:19:00,10.0.242.122,192.168.1.42,udp,1.72,1164,4647,59,0,0
ALRT-00140,2026-01-01T02:20:00,10.0.181.63,192.168.1.143,udp,8.61,879,2700,37,0,0
ALRT-00141,2026-01-01T02:21:00,10.0.24.224,192.168.1.167,tcp,4.34,2281,3843,39,0,0
ALRT-00142,2026-01-01T02:22:00,10.0.114.36,192.168.1.89,tcp,5.86,1196,3645,49,0,0
ALRT-00143,2026-01-01T02:23:00,10.0.167.14,192.168.1.134,tcp,1.09,1392,2961,8,0,0
ALRT-00144,2026-01-01T02:24:00,10.0.114.179,192.168.1.121,tcp,1.66,969,2394,37,0,0
ALRT-00145,2026-01-01T02:25:00,10.0.183.115,192.168.1.69,udp,2.9,649,1391,46,0,0
ALRT-00146,2026-01-01T02:26:00,10.0.94.213,192.168.1.176,tcp,2.9,1129,3313,42,0,0
ALRT-00147,2026-01-01T02:27:00,10.0.47.19,192.168.1.141,tcp,0.39,1703,3872,37,0,0
ALRT-00148,2026-01-01T02:28:00,10.0.39.203,192.168.1.17,tcp,0.72,1264,2009,27,0,0
ALRT-00149,2026-01-01T02:29:00,10.0.119.10,192.168.1.125,tcp,0.6,1204,2211,53,0,0
ALRT-00150,2026-01-01T02:30:00,10.0.43.8,192.168.1.99,tcp,0.41,1445,3080,23,0,0
ALRT-00151,2026-01-01T02:31:00,10.0.207.117,192.168.1.202,tcp,2.89,2342,1606,35,0,0
ALRT-00152,2026-01-01T02:32:00,10.0.17.56,192.168.1.78,tcp,36.33,87945,0,640,0,1
ALRT-00153,2026-01-01T02:33:00,10.0.157.151,192.168.1.242,udp,3.29,246,1274,31,0,0
ALRT-00154,2026-01-01T02:34:00,10.0.208.7,192.168.1.156,udp,0.85,1421,2703,30,0,0
ALRT-00155,2026-01-01T02:35:00,10.0.17.9,192.168.1.34,udp,6.68,1329,3633,53,0,0
ALRT-00156,2026-01-01T02:36:00,10.0.100.184,192.168.1.103,tcp,1.12,1632,2452,35,0,0
ALRT-00157,2026-01-01T02:37:00,10.0.169.54,192.168.1.224,tcp,2.2,1387,2861,31,0,0
ALRT-00158,2026-01-01T02:38:00,10.0.167.167,192.168.1.65,tcp,4.59,790,3037,17,0,0
ALRT-00159,2026-01-01T02:39:00,10.0.48.190,192.168.1.179,tcp,6.3,795,3222,26,1,0
ALRT-00160,2026-01-01T02:40:00,10.0.107.16,192.168.1.199,tcp,1.91,1526,4784,42,0,0
ALRT-00161,2026-01-01T02:41:00,10.0.99.195,192.168.1.176,tcp,0.17,1061,2478,43,0,0
ALRT-00162,2026-01-01T02:42:00,10.0.177.68,192.168.1.23,tcp,1.85,1181,4296,41,0,0
ALRT-00163,2026-01-01T02:43:00,10.0.193.99,192.168.1.95,tcp,1.22,1005,2962,27,0,0
ALRT-00164,2026-01-01T02:44:00,10.0.117.22,192.168.1.89,udp,4.4,922,3423,20,0,0
ALRT-00165,2026-01-01T02:45:00,10.0.254.213,192.168.1.88,tcp,6.14,1872,3968,32,0,0
ALRT-00166,2026-01-01T02:46:00,10.0.49.142,192.168.1.223,tcp,2.0,1214,3229,25,0,0
ALRT-00167,2026-01-01T02:47:00,10.0.198.128,192.168.1.2,tcp,4.9,1384,3424,40,0,0
ALRT-00168,2026-01-01T02:48:00,10.0.53.246,192.168.1.137,tcp,1.41,1026,2371,40,0,0
ALRT-00169,2026-01-01T02:49:00,10.0.68.85,192.168.1.249,tcp,0.68,1082,2301,49,0,0
ALRT-00170,2026-01-01T02:50:00,10.0.94.226,192.168.1.222,tcp,0.95,1332,3431,44,0,0
ALRT-00171,2026-01-01T02:51:00,10.0.127.183,192.168.1.154,tcp,1.4,1058,3819,44,0,0
ALRT-00172,2026-01-01T02:52:00,10.0.229.235,192.168.1.253,tcp,1.88,1649,2083,69,0,0
ALRT-00173,2026-01-01T02:53:00,10.0.218.230,192.168.1.102,tcp,4.98,49672,0,694,5,1
ALRT-00174,2026-01-01T02:54:00,10.0.241.251,192.168.1.155,tcp,0.78,1516,2968,9,0,0
ALRT-00175,2026-01-01T02:55:00,10.0.163.34,192.168.1.138,tcp,8.03,1633,3918,52,0,0
ALRT-00176,2026-01-01T02:56:00,10.0.28.202,192.168.1.12,tcp,6.84,1250,3532,40,0,0
ALRT-00177,2026-01-01T02:57:00,10.0.80.204,192.168.1.11,tcp,2.59,1289,2936,46,0,0
ALRT-00178,2026-01-01T02:58:00,10.0.238.164,192.168.1.227,udp,0.57,1258,2646,43,0,0
ALRT-00179,2026-01-01T02:59:00,10.0.194.71,192.168.1.44,tcp,0.33,1789,2718,61,1,0
ALRT-00180,2026-01-01T03:00:00,10.0.110.245,192.168.1.90,tcp,0.12,1182,1534,44,0,0
ALRT-00181,2026-01-01T03:01:00,10.0.208.52,192.168.1.158,tcp,2.27,823,2725,46,0,0
ALRT-00182,2026-01-01T03:02:00,10.0.238.127,192.168.1.146,tcp,1.09,1452,1504,40,0,0
ALRT-00183,2026-01-01T03:03:00,10.0.215.132,192.168.1.131,udp,1.7,1087,1617,41,0,0
ALRT-00184,2026-01-01T03:04:00,10.0.153.41,192.168.1.248,udp,1.67,858,3646,58,0,0
ALRT-00185,2026-01-01T03:05:00,10.0.86.183,192.168.1.200,tcp,3.2,1463,2823,44,0,0
ALRT-00186,2026-01-01T03:06:00,10.0.214.23,192.168.1.239,tcp,0.03,785,2483,35,0,0
ALRT-00187,2026-01-01T03:07:00,10.0.19.176,192.168.1.167,tcp,1.07,249,3037,24,0,0
ALRT-00188,2026-01-01T03:08:00,10.0.114.215,192.168.1.248,tcp,0.3,1292,3038,50,0,0
ALRT-00189,2026-01-01T03:09:00,10.0.17.89,192.168.1.153,udp,0.47,1778,2661,46,0,0
ALRT-00190,2026-01-01T03:10:00,10.0.9.180,192.168.1.138,udp,2.78,1492,3649,39,0,0
ALRT-00191,2026-01-01T03:11:00,10.0.218.40,192.168.1.207,tcp,1.27,965,1775,62,0,0
ALRT-00192,2026-01-01T03:12:00,10.0.82.215,192.168.1.220,udp,0.92,1156,4189,37,0,0
ALRT-00193,2026-01-01T03:13:00,10.0.10.241,192.168.1.18,tcp,3.45,1237,3180,47,0,0
ALRT-00194,2026-01-01T03:14:00,10.0.226.39,192.168.1.231,udp,3.21,880,2395,29,0,0
ALRT-00195,2026-01-01T03:15:00,10.0.35.176,192.168.1.175,tcp,1.0,1026,3869,65,0,0
ALRT-00196,2026-01-01T03:16:00,10.0.2.128,192.168.1.228,tcp,2.62,1431,3159,36,1,0
ALRT-00197,2026-01-01T03:17:00,10.0.16.135,192.168.1.182,tcp,2.73,1508,2931,66,0,0
ALRT-00198,2026-01-01T03:18:00,10.0.89.179,192.168.1.235,udp,0.17,1562,2795,39,0,0
ALRT-00199,2026-01-01T03:19:00,10.0.224.124,192.168.1.70,tcp,0.77,1878,2419,25,0,0
ALRT-00200,2026-01-01T03:20:00,10.0.163.152,192.168.1.48,tcp,2.42,1177,3105,36,0,0
ALRT-00201,2026-01-01T03:21:00,10.0.251.59,192.168.1.50,tcp,3.68,591,3203,62,0,0
ALRT-00202,2026-01-01T03:22:00,10.0.60.96,192.168.1.64,tcp,1.68,866,3159,61,0,0
ALRT-00203,2026-01-01T03:23:00,10.0.187.219,192.168.1.55,tcp,0.58,1416,2358,41,0,0
ALRT-00204,2026-01-01T03:24:00,10.0.70.28,192.168.1.112,tcp,1.8,679,3505,21,0,0
ALRT-00205,2026-01-01T03:25:00,10.0.155.152,192.168.1.51,tcp,3.78,919,3041,55,0,0
ALRT-00206,2026-01-01T03:26:00,10.0.95.47,192.168.1.41,tcp,1.12,621,5123,55,0,0
ALRT-00207,2026-01-01T03:27:00,10.0.216.215,192.168.1.133,tcp,0.88,986,3531,29,1,0
ALRT-00208,2026-01-01T03:28:00,10.0.190.147,192.168.1.201,tcp,1.43,415,2686,34,0,0
ALRT-00209,2026-01-01T03:29:00,10.0.66.102,192.168.1.35,udp,0.5,765,3123,47,0,0
ALRT-00210,2026-01-01T03:30:00,10.0.17.64,192.168.1.130,tcp,3.36,1265,2563,25,0,0
ALRT-00211,2026-01-01T03:31:00,10.0.114.111,192.168.1.167,tcp,1.84,1014,3189,54,0,0
ALRT-00212,2026-01-01T03:32:00,10.0.20.243,192.168.1.179,tcp,0.44,583,2604,7,0,0
ALRT-00213,2026-01-01T03:33:00,10.0.68.129,192.168.1.27,tcp,2.14,506,3510,40,0,0
ALRT-00214,2026-01-01T03:34:00,10.0.118.119,192.168.1.186,tcp,3.28,528,2780,30,0,0
ALRT-00215,2026-01-01T03:35:00,10.0.215.189,192.168.1.7,tcp,0.78,1260,3776,52,0,0
ALRT-00216,2026-01-01T03:36:00,10.0.221.96,192.168.1.60,tcp,1.1,1796,2067,42,0,0
ALRT-00217,2026-01-01T03:37:00,10.0.67.109,192.168.1.81,tcp,1.49,912,4643,28,0,0
ALRT-00218,2026-01-01T03:38:00,10.0.143.86,192.168.1.216,tcp,0.42,1549,2839,18,0,0
ALRT-00219,2026-01-01T03:39:00,10.0.117.39,192.168.1.49,tcp,2.74,1281,1466,49,0,0
ALRT-00220,2026-01-01T03:40:00,10.0.148.181,192.168.1.198,tcp,0.36,984,3243,46,0,0
ALRT-00221,2026-01-01T03:41:00,10.0.134.221,192.168.1.251,tcp,3.91,1183,1796,57,0,0
ALRT-00222,2026-01-01T03:42:00,10.0.253.230,192.168.1.243,tcp,28.15,25147,360,501,30,1
ALRT-00223,2026-01-01T03:43:00,10.0.23.223,192.168.1.77,tcp,1.05,1048,2403,41,0,0
ALRT-00224,2026-01-01T03:44:00,10.0.85.115,192.168.1.25,tcp,0.69,1156,2318,43,0,0
ALRT-00225,2026-01-01T03:45:00,10.0.105.72,192.168.1.57,udp,2.54,1381,2441,27,0,0
ALRT-00226,2026-01-01T03:46:00,10.0.223.162,192.168.1.195,tcp,0.46,1148,2540,37,0,0
ALRT-00227,2026-01-01T03:47:00,10.0.246.242,192.168.1.50,tcp,0.07,951,3952,17,0,0
ALRT-00228,2026-01-01T03:48:00,10.0.107.184,192.168.1.164,udp,1.14,942,4169,40,0,0
ALRT-00229,2026-01-01T03:49:00,10.0.128.126,192.168.1.95,tcp,0.14,1611,3292,25,0,0
ALRT-00230,2026-01-01T03:50:00,10.0.188.175,192.168.1.195,tcp,1.28,1078,1774,43,0,0
ALRT-00231,2026-01-01T03:51:00,10.0.232.196,192.168.1.154,udp,3.62,50433,226,527,30,1
ALRT-00232,2026-01-01T03:52:00,10.0.158.233,192.168.1.149,tcp,1.34,1401,3526,49,0,0
ALRT-00233,2026-01-01T03:53:00,10.0.26.194,192.168.1.198,tcp,0.06,1015,3007,21,0,0
ALRT-00234,2026-01-01T03:54:00,10.0.100.110,192.168.1.242,tcp,0.25,1546,2251,42,0,0
ALRT-00235,2026-01-01T03:55:00,10.0.199.70,192.168.1.93,udp,1.97,966,1810,50,0,0
ALRT-00236,2026-01-01T03:56:00,10.0.225.127,192.168.1.134,tcp,0.63,2082,2991,32,1,0
ALRT-00237,2026-01-01T03:57:00,10.0.88.84,192.168.1.159,udp,3.94,94368,0,529,12,1
ALRT-00238,2026-01-01T03:58:00,10.0.107.239,192.168.1.209,tcp,0.33,1012,2913,45,0,0
ALRT-00239,2026-01-01T03:59:00,10.0.26.129,192.168.1.122,udp,0.77,2074,3564,37,0,0
ALRT-00240,2026-01-01T04:00:00,10.0.212.120,192.168.1.95,tcp,0.72,1020,3707,50,0,0
ALRT-00241,2026-01-01T04:01:00,10.0.144.89,192.168.1.215,tcp,1.44,1817,4281,24,0,0
ALRT-00242,2026-01-01T04:02:00,10.0.34.162,192.168.1.242,tcp,8.67,985,3149,11,0,0
ALRT-00243,2026-01-01T04:03:00,10.0.234.132,192.168.1.144,tcp,1.45,1759,2753,49,0,0
ALRT-00244,2026-01-01T04:04:00,10.0.110.33,192.168.1.27,tcp,2.54,1129,2181,42,0,0
ALRT-00245,2026-01-01T04:05:00,10.0.240.220,192.168.1.74,udp,2.26,638,1084,20,0,0
ALRT-00246,2026-01-01T04:06:00,10.0.229.91,192.168.1.118,udp,0.24,1406,1981,45,0,0
ALRT-00247,2026-01-01T04:07:00,10.0.159.110,192.168.1.179,tcp,2.87,1241,1854,34,0,0
ALRT-00248,2026-01-01T04:08:00,10.0.59.53,192.168.1.170,tcp,1.6,1395,2719,43,0,0
ALRT-00249,2026-01-01T04:09:00,10.0.97.141,192.168.1.208,tcp,0.19,1293,2397,50,0,0
ALRT-00250,2026-01-01T04:10:00,10.0.31.178,192.168.1.8,udp,2.19,1286,3249,43,0,0
ALRT-00251,2026-01-01T04:11:00,10.0.116.223,192.168.1.118,tcp,18.93,53274,398,641,0,1
ALRT-00252,2026-01-01T04:12:00,10.0.71.14,192.168.1.178,tcp,1.37,605,2845,36,0,0
ALRT-00253,2026-01-01T04:13:00,10.0.79.247,192.168.1.250,tcp,0.49,1020,2573,32,0,0
ALRT-00254,2026-01-01T04:14:00,10.0.82.179,192.168.1.37,tcp,1.1,1029,3232,27,0,0
ALRT-00255,2026-01-01T04:15:00,10.0.215.72,192.168.1.223,tcp,1.45,940,2174,31,0,0
ALRT-00256,2026-01-01T04:16:00,10.0.163.52,192.168.1.2,udp,7.0,1643,3437,39,0,0
ALRT-00257,2026-01-01T04:17:00,10.0.92.75,192.168.1.50,tcp,2.22,1054,3683,33,0,0
ALRT-00258,2026-01-01T04:18:00,10.0.171.222,192.168.1.215,tcp,1.03,1511,3401,35,0,0
ALRT-00259,2026-01-01T04:19:00,10.0.64.74,192.168.1.200,udp,5.1,978,2860,36,0,0
ALRT-00260,2026-01-01T04:20:00,10.0.209.118,192.168.1.247,tcp,6.57,1741,3305,37,0,0
ALRT-00261,2026-01-01T04:21:00,10.0.130.179,192.168.1.153,tcp,5.42,1827,2544,43,0,0
ALRT-00262,2026-01-01T04:22:00,10.0.35.221,192.168.1.156,tcp,1.94,1292,3022,11,0,0
ALRT-00263,2026-01-01T04:23:00,10.0.93.167,192.168.1.136,tcp,0.24,822,4093,52,1,0
ALRT-00264,2026-01-01T04:24:00,10.0.110.191,192.168.1.130,tcp,0.57,1470,2724,44,0,0
ALRT-00265,2026-01-01T04:25:00,10.0.155.44,192.168.1.131,tcp,1.3,1555,3072,31,0,0
ALRT-00266,2026-01-01T04:26:00,10.0.47.222,192.168.1.75,tcp,0.56,1053,2417,36,0,0
ALRT-00267,2026-01-01T04:27:00,10.0.132.70,192.168.1.216,tcp,0.54,50,2467,33,0,0
ALRT-00268,2026-01-01T04:28:00,10.0.36.33,192.168.1.91,udp,6.66,1171,1076,42,0,0
ALRT-00269,2026-01-01T04:29:00,10.0.234.247,192.168.1.155,udp,1.95,688,2176,44,0,0
ALRT-00270,2026-01-01T04:30:00,10.0.100.52,192.168.1.170,tcp,2.22,954,2746,60,0,0
ALRT-00271,2026-01-01T04:31:00,10.0.106.35,192.168.1.137,tcp,1.55,1195,2337,24,0,0
ALRT-00272,2026-01-01T04:32:00,10.0.140.159,192.168.1.155,tcp,0.74,1470,2669,44,0,0
ALRT-00273,2026-01-01T04:33:00,10.0.251.81,192.168.1.13,tcp,1.09,922,1979,38,0,0
ALRT-00274,2026-01-01T04:34:00,10.0.50.34,192.168.1.80,tcp,2.46,1446,3272,28,0,0
ALRT-00275,2026-01-01T04:35:00,10.0.96.153,192.168.1.114,tcp,0.66,1447,2260,51,0,0
ALRT-00276,2026-01-01T04:36:00,10.0.16.193,192.168.1.100,tcp,3.49,1451,2892,27,0,0
ALRT-00277,2026-01-01T04:37:00,10.0.117.201,192.168.1.230,tcp,1.95,980,2515,27,0,0
ALRT-00278,2026-01-01T04:38:00,10.0.118.40,192.168.1.227,tcp,0.26,442,3720,26,0,0
ALRT-00279,2026-01-01T04:39:00,10.0.5.141,192.168.1.181,tcp,0.18,490,4104,34,0,0
ALRT-00280,2026-01-01T04:40:00,10.0.137.206,192.168.1.90,tcp,6.71,1286,2693,45,0,0
ALRT-00281,2026-01-01T04:41:00,10.0.223.41,192.168.1.13,tcp,2.54,1174,2918,42,0,0
ALRT-00282,2026-01-01T04:42:00,10.0.80.53,192.168.1.192,tcp,4.96,880,2576,31,0,0
ALRT-00283,2026-01-01T04:43:00,10.0.27.1,192.168.1.224,udp,0.17,1206,1987,39,0,0
ALRT-00284,2026-01-01T04:44:00,10.0.20.133,192.168.1.124,tcp,1.65,1760,2602,36,1,0
ALRT-00285,2026-01-01T04:45:00,10.0.38.50,192.168.1.210,tcp,4.1,958,1869,55,0,0
ALRT-00286,2026-01-01T04:46:00,10.0.30.184,192.168.1.236,tcp,2.48,1613,3386,31,0,0
ALRT-00287,2026-01-01T04:47:00,10.0.162.244,192.168.1.139,tcp,1.94,1524,2475,42,0,0
ALRT-00288,2026-01-01T04:48:00,10.0.28.53,192.168.1.54,tcp,1.34,876,1586,23,0,0
ALRT-00289,2026-01-01T04:49:00,10.0.116.165,192.168.1.6,icmp,12.53,62919,344,449,0,1
ALRT-00290,2026-01-01T04:50:00,10.0.33.54,192.168.1.192,tcp,3.68,1638,4393,38,0,0
ALRT-00291,2026-01-01T04:51:00,10.0.107.5,192.168.1.143,tcp,0.44,787,4498,58,0,0
ALRT-00292,2026-01-01T04:52:00,10.0.100.192,192.168.1.39,udp,1.15,1023,3230,36,0,0
ALRT-00293,2026-01-01T04:53:00,10.0.134.110,192.168.1.14,tcp,0.78,1828,2600,35,0,0
ALRT-00294,2026-01-01T04:54:00,10.0.124.240,192.168.1.246,tcp,1.44,1298,3288,56,0,0
ALRT-00295,2026-01-01T04:55:00,10.0.132.136,192.168.1.82,tcp,0.06,1392,3124,50,0,0
ALRT-00296,2026-01-01T04:56:00,10.0.237.40,192.168.1.83,tcp,0.3,833,3337,38,0,0
ALRT-00297,2026-01-01T04:57:00,10.0.24.114,192.168.1.160,tcp,1.86,1204,2660,25,0,0
ALRT-00298,2026-01-01T04:58:00,10.0.81.52,192.168.1.93,tcp,1.45,1441,4231,37,0,0
ALRT-00299,2026-01-01T04:59:00,10.0.30.223,192.168.1.231,tcp,6.15,1506,4124,31,0,0
ALRT-00300,2026-01-01T05:00:00,10.0.156.175,192.168.1.173,tcp,2.09,806,2978,41,0,0
ALRT-00301,2026-01-01T05:01:00,10.0.30.87,192.168.1.91,udp,4.99,1233,3908,47,0,0
ALRT-00302,2026-01-01T05:02:00,10.0.158.134,192.168.1.68,tcp,0.73,920,3057,37,0,0
ALRT-00303,2026-01-01T05:03:00,10.0.177.170,192.168.1.218,tcp,0.22,1361,2964,45,0,0
ALRT-00304,2026-01-01T05:04:00,10.0.105.199,192.168.1.150,tcp,1.05,1394,3946,45,0,0
ALRT-00305,2026-01-01T05:05:00,10.0.66.21,192.168.1.233,tcp,0.11,934,1670,37,0,0
ALRT-00306,2026-01-01T05:06:00,10.0.232.6,192.168.1.88,tcp,0.76,1310,3342,28,0,0
ALRT-00307,2026-01-01T05:07:00,10.0.72.29,192.168.1.6,udp,0.48,1026,2896,32,0,0
ALRT-00308,2026-01-01T05:08:00,10.0.59.100,192.168.1.228,tcp,2.39,2197,1302,36,0,0
ALRT-00309,2026-01-01T05:09:00,10.0.33.119,192.168.1.61,tcp,1.03,1138,3116,35,0,0
ALRT-00310,2026-01-01T05:10:00,10.0.236.35,192.168.1.214,tcp,0.99,1199,4732,59,0,0
ALRT-00311,2026-01-01T05:11:00,10.0.236.105,192.168.1.180,tcp,1.94,1653,2452,34,0,0
ALRT-00312,2026-01-01T05:12:00,10.0.151.112,192.168.1.59,tcp,3.02,387,3342,21,1,0
ALRT-00313,2026-01-01T05:13:00,10.0.80.28,192.168.1.192,tcp,9.26,1164,3930,24,0,0
ALRT-00314,2026-01-01T05:14:00,10.0.151.232,192.168.1.21,tcp,7.43,1124,3498,30,0,0
ALRT-00315,2026-01-01T05:15:00,10.0.132.152,192.168.1.100,tcp,0.57,1800,2602,32,0,0
ALRT-00316,2026-01-01T05:16:00,10.0.164.99,192.168.1.91,tcp,2.09,1227,3693,21,0,0
ALRT-00317,2026-01-01T05:17:00,10.0.30.129,192.168.1.167,tcp,4.47,902,2814,63,0,0
ALRT-00318,2026-01-01T05:18:00,10.0.221.80,192.168.1.136,tcp,1.65,1284,2934,40,0,0
ALRT-00319,2026-01-01T05:19:00,10.0.222.217,192.168.1.155,tcp,2.9,781,2572,45,0,0
ALRT-00320,2026-01-01T05:20:00,10.0.62.146,192.168.1.121,tcp,0.46,663,2391,24,0,0
ALRT-00321,2026-01-01T05:21:00,10.0.190.126,192.168.1.188,tcp,2.11,894,5151,48,0,0
ALRT-00322,2026-01-01T05:22:00,10.0.178.231,192.168.1.41,tcp,0.7,1205,2897,49,0,0
ALRT-00323,2026-01-01T05:23:00,10.0.159.213,192.168.1.182,tcp,2.87,479,3495,31,0,0
ALRT-00324,2026-01-01T05:24:00,10.0.204.206,192.168.1.13,tcp,0.65,1014,2204,43,0,0
ALRT-00325,2026-01-01T05:25:00,10.0.217.58,192.168.1.22,tcp,1.29,1592,3378,53,0,0
ALRT-00326,2026-01-01T05:26:00,10.0.4.39,192.168.1.184,udp,0.38,1163,2349,42,0,0
ALRT-00327,2026-01-01T05:27:00,10.0.63.175,192.168.1.41,tcp,0.81,1090,3017,56,0,0
ALRT-00328,2026-01-01T05:28:00,10.0.130.119,192.168.1.195,tcp,2.97,802,2809,48,0,0
ALRT-00329,2026-01-01T05:29:00,10.0.2.173,192.168.1.34,tcp,0.54,1282,2450,22,0,0
ALRT-00330,2026-01-01T05:30:00,10.0.92.193,192.168.1.38,udp,1.25,434,2315,42,0,0
ALRT-00331,2026-01-01T05:31:00,10.0.28.75,192.168.1.236,tcp,0.4,1017,5404,10,0,0
ALRT-00332,2026-01-01T05:32:00,10.0.13.73,192.168.1.45,tcp,0.72,1572,1928,38,1,0
ALRT-00333,2026-01-01T05:33:00,10.0.235.125,192.168.1.232,udp,0.97,1957,1821,27,0,0
ALRT-00334,2026-01-01T05:34:00,10.0.112.70,192.168.1.89,tcp,1.29,967,2059,37,0,0
ALRT-00335,2026-01-01T05:35:00,10.0.67.169,192.168.1.202,tcp,0.46,1591,3492,46,0,0
ALRT-00336,2026-01-01T05:36:00,10.0.251.189,192.168.1.238,tcp,3.14,1764,1933,53,0,0
ALRT-00337,2026-01-01T05:37:00,10.0.187.120,192.168.1.30,tcp,1.32,811,2283,39,0,0
ALRT-00338,2026-01-01T05:38:00,10.0.25.184,192.168.1.84,udp,2.67,1901,3400,49,1,0
ALRT-00339,2026-01-01T05:39:00,10.0.206.130,192.168.1.146,tcp,3.45,969,2748,45,0,0
ALRT-00340,2026-01-01T05:40:00,10.0.23.181,192.168.1.219,tcp,3.56,1154,3148,44,0,0
ALRT-00341,2026-01-01T05:41:00,10.0.234.57,192.168.1.48,udp,1.61,1077,3167,43,0,0
ALRT-00342,2026-01-01T05:42:00,10.0.40.187,192.168.1.48,tcp,0.78,1187,3951,27,0,0
ALRT-00343,2026-01-01T05:43:00,10.0.84.181,192.168.1.94,tcp,2.01,1205,3925,43,0,0
ALRT-00344,2026-01-01T05:44:00,10.0.179.68,192.168.1.52,tcp,0.08,567,1963,65,0,0
ALRT-00345,2026-01-01T05:45:00,10.0.10.141,192.168.1.68,tcp,8.27,1346,3355,56,0,0
ALRT-00346,2026-01-01T05:46:00,10.0.103.217,192.168.1.33,tcp,0.73,1016,2765,12,0,0
ALRT-00347,2026-01-01T05:47:00,10.0.91.64,192.168.1.210,tcp,0.11,1429,2345,52,0,0
ALRT-00348,2026-01-01T05:48:00,10.0.219.187,192.168.1.202,tcp,2.48,1084,534,40,1,0
ALRT-00349,2026-01-01T05:49:00,10.0.157.242,192.168.1.37,tcp,0.52,1397,4642,35,0,0
ALRT-00350,2026-01-01T05:50:00,10.0.199.220,192.168.1.136,udp,2.24,1186,3662,43,0,0
ALRT-00351,2026-01-01T05:51:00,10.0.203.102,192.168.1.164,tcp,0.36,953,1876,13,0,0
ALRT-00352,2026-01-01T05:52:00,10.0.15.154,192.168.1.159,udp,0.89,1791,1571,53,0,0
ALRT-00353,2026-01-01T05:53:00,10.0.195.251,192.168.1.249,tcp,1.06,906,3321,19,0,0
ALRT-00354,2026-01-01T05:54:00,10.0.173.144,192.168.1.163,tcp,3.23,1151,4139,30,0,0
ALRT-00355,2026-01-01T05:55:00,10.0.146.30,192.168.1.174,udp,0.55,1426,2294,49,0,0
ALRT-00356,2026-01-01T05:56:00,10.0.1.12,192.168.1.9,tcp,1.5,457,3335,18,0,0
ALRT-00357,2026-01-01T05:57:00,10.0.230.200,192.168.1.21,tcp,0.61,1091,2263,35,0,0
ALRT-00358,2026-01-01T05:58:00,10.0.66.108,192.168.1.157,udp,5.15,892,3619,48,0,0
ALRT-00359,2026-01-01T05:59:00,10.0.123.63,192.168.1.230,tcp,0.99,1317,4245,57,0,0
ALRT-00360,2026-01-01T06:00:00,10.0.107.88,192.168.1.101,tcp,2.13,2093,2718,60,0,0
ALRT-00361,2026-01-01T06:01:00,10.0.177.192,192.168.1.163,tcp,0.73,1214,3337,13,0,0
ALRT-00362,2026-01-01T06:02:00,10.0.25.118,192.168.1.54,tcp,1.7,1723,2919,27,0,0
ALRT-00363,2026-01-01T06:03:00,10.0.252.220,192.168.1.116,tcp,3.73,812,3558,39,0,0
ALRT-00364,2026-01-01T06:04:00,10.0.202.186,192.168.1.191,tcp,0.14,762,3665,30,0,0
ALRT-00365,2026-01-01T06:05:00,10.0.1.247,192.168.1.167,tcp,3.13,1651,1294,37,0,0
ALRT-00366,2026-01-01T06:06:00,10.0.187.225,192.168.1.29,udp,8.06,1192,3313,47,0,0
ALRT-00367,2026-01-01T06:07:00,10.0.231.65,192.168.1.223,udp,0.02,948,2248,54,0,0
ALRT-00368,2026-01-01T06:08:00,10.0.3.167,192.168.1.235,tcp,2.34,1310,3782,68,0,0
ALRT-00369,2026-01-01T06:09:00,10.0.117.6,192.168.1.121,udp,0.0,1012,2850,30,0,0
ALRT-00370,2026-01-01T06:10:00,10.0.69.251,192.168.1.87,udp,1.28,1076,3888,37,0,0
ALRT-00371,2026-01-01T06:11:00,10.0.92.67,192.168.1.135,tcp,2.26,982,2331,22,0,0
ALRT-00372,2026-01-01T06:12:00,10.0.166.169,192.168.1.203,tcp,6.17,1494,2597,42,0,0
ALRT-00373,2026-01-01T06:13:00,10.0.84.215,192.168.1.115,udp,1.75,1412,3340,32,0,0
ALRT-00374,2026-01-01T06:14:00,10.0.147.41,192.168.1.8,tcp,4.08,1628,4287,31,0,0
ALRT-00375,2026-01-01T06:15:00,10.0.82.215,192.168.1.19,tcp,3.0,1435,2955,52,0,0
ALRT-00376,2026-01-01T06:16:00,10.0.22.4,192.168.1.206,tcp,1.53,1837,3700,62,0,0
ALRT-00377,2026-01-01T06:17:00,10.0.167.112,192.168.1.200,tcp,3.07,1027,2082,43,0,0
ALRT-00378,2026-01-01T06:18:00,10.0.64.120,192.168.1.196,tcp,2.59,1243,2552,46,0,0
ALRT-00379,2026-01-01T06:19:00,10.0.46.95,192.168.1.32,tcp,0.74,1320,2183,26,0,0
ALRT-00380,2026-01-01T06:20:00,10.0.59.149,192.168.1.44,tcp,14.41,1329,2529,47,0,0
ALRT-00381,2026-01-01T06:21:00,10.0.171.232,192.168.1.100,tcp,4.62,1569,3576,41,0,0
ALRT-00382,2026-01-01T06:22:00,10.0.17.83,192.168.1.59,tcp,7.59,1104,4202,58,0,0
ALRT-00383,2026-01-01T06:23:00,10.0.67.147,192.168.1.98,udp,2.16,1627,3943,42,0,0
ALRT-00384,2026-01-01T06:24:00,10.0.135.222,192.168.1.142,tcp,0.48,1096,3003,38,0,0
ALRT-00385,2026-01-01T06:25:00,10.0.234.196,192.168.1.71,tcp,4.2,1501,3834,43,0,0
ALRT-00386,2026-01-01T06:26:00,10.0.50.11,192.168.1.32,tcp,4.62,736,2790,45,0,0
ALRT-00387,2026-01-01T06:27:00,10.0.229.239,192.168.1.102,tcp,1.45,159,2887,22,0,0
ALRT-00388,2026-01-01T06:28:00,10.0.63.12,192.168.1.183,tcp,36.53,66813,156,617,12,1
ALRT-00389,2026-01-01T06:29:00,10.0.173.149,192.168.1.157,tcp,4.89,937,2761,45,0,0
ALRT-00390,2026-01-01T06:30:00,10.0.226.146,192.168.1.82,tcp,0.7,1362,2910,43,0,0
ALRT-00391,2026-01-01T06:31:00,10.0.193.199,192.168.1.79,udp,2.2,1186,3460,46,0,0
ALRT-00392,2026-01-01T06:32:00,10.0.2.38,192.168.1.148,tcp,0.69,2063,3316,29,0,0
ALRT-00393,2026-01-01T06:33:00,10.0.198.46,192.168.1.44,tcp,2.15,1300,735,37,0,0
ALRT-00394,2026-01-01T06:34:00,10.0.52.191,192.168.1.211,tcp,2.25,1185,3096,31,0,0
ALRT-00395,2026-01-01T06:35:00,10.0.52.38,192.168.1.220,tcp,1.83,1298,1734,31,0,0
ALRT-00396,2026-01-01T06:36:00,10.0.3.119,192.168.1.7,udp,3.97,1003,4034,30,0,0
ALRT-00397,2026-01-01T06:37:00,10.0.162.186,192.168.1.246,tcp,4.49,1533,3965,42,0,0
ALRT-00398,2026-01-01T06:38:00,10.0.230.165,192.168.1.6,udp,0.73,1714,1749,31,0,0
ALRT-00399,2026-01-01T06:39:00,10.0.192.54,192.168.1.117,udp,36.4,54893,203,238,5,1
ALRT-00400,2026-01-01T06:40:00,10.0.86.77,192.168.1.169,tcp,1.77,613,3515,36,0,0
ALRT-00401,2026-01-01T06:41:00,10.0.16.246,192.168.1.83,udp,0.86,1059,2843,34,0,0
ALRT-00402,2026-01-01T06:42:00,10.0.61.114,192.168.1.52,udp,3.86,1102,2933,46,0,0
ALRT-00403,2026-01-01T06:43:00,10.0.91.12,192.168.1.13,tcp,1.0,2042,3562,52,0,0
ALRT-00404,2026-01-01T06:44:00,10.0.230.56,192.168.1.185,tcp,0.28,1521,1756,30,0,0
ALRT-00405,2026-01-01T06:45:00,10.0.25.87,192.168.1.10,udp,1.72,1449,2267,36,0,0
ALRT-00406,2026-01-01T06:46:00,10.0.36.253,192.168.1.123,tcp,6.84,1319,1790,29,0,0
ALRT-00407,2026-01-01T06:47:00,10.0.48.77,192.168.1.100,tcp,1.21,1833,3508,39,0,0
ALRT-00408,2026-01-01T06:48:00,10.0.69.7,192.168.1.245,tcp,5.78,899,3880,38,0,0
ALRT-00409,2026-01-01T06:49:00,10.0.3.130,192.168.1.236,udp,0.23,1312,3743,31,0,0
ALRT-00410,2026-01-01T06:50:00,10.0.59.22,192.168.1.207,tcp,0.26,1830,966,40,0,0
ALRT-00411,2026-01-01T06:51:00,10.0.74.70,192.168.1.185,tcp,0.04,985,4052,59,0,0
ALRT-00412,2026-01-01T06:52:00,10.0.108.252,192.168.1.138,udp,0.1,1826,3041,29,0,0
ALRT-00413,2026-01-01T06:53:00,10.0.78.179,192.168.1.89,udp,6.83,902,2268,38,0,0
ALRT-00414,2026-01-01T06:54:00,10.0.195.13,192.168.1.43,tcp,2.77,1170,2613,34,0,0
ALRT-00415,2026-01-01T06:55:00,10.0.127.114,192.168.1.245,udp,2.48,841,2772,59,0,0
ALRT-00416,2026-01-01T06:56:00,10.0.129.44,192.168.1.98,tcp,0.81,814,1808,33,0,0
ALRT-00417,2026-01-01T06:57:00,10.0.118.32,192.168.1.109,tcp,1.51,1132,3549,49,0,0
ALRT-00418,2026-01-01T06:58:00,10.0.241.149,192.168.1.36,tcp,0.79,623,2164,42,0,0
ALRT-00419,2026-01-01T06:59:00,10.0.8.128,192.168.1.71,tcp,0.66,378,2554,27,0,0
ALRT-00420,2026-01-01T07:00:00,10.0.236.188,192.168.1.161,udp,0.84,50,5753,37,0,0
ALRT-00421,2026-01-01T07:01:00,10.0.69.226,192.168.1.108,tcp,12.45,532,3645,36,0,0
ALRT-00422,2026-01-01T07:02:00,10.0.47.63,192.168.1.149,tcp,0.58,1217,2393,35,0,0
ALRT-00423,2026-01-01T07:03:00,10.0.39.234,192.168.1.54,tcp,2.2,724,2677,32,0,0
ALRT-00424,2026-01-01T07:04:00,10.0.182.132,192.168.1.21,udp,0.24,1267,2310,31,1,0
ALRT-00425,2026-01-01T07:05:00,10.0.170.66,192.168.1.225,tcp,10.92,1255,3633,46,0,0
ALRT-00426,2026-01-01T07:06:00,10.0.18.214,192.168.1.110,tcp,1.6,1830,1784,24,0,0
ALRT-00427,2026-01-01T07:07:00,10.0.245.9,192.168.1.92,tcp,0.16,1563,4028,26,0,0
ALRT-00428,2026-01-01T07:08:00,10.0.13.142,192.168.1.73,tcp,0.01,1258,4179,44,0,0
ALRT-00429,2026-01-01T07:09:00,10.0.10.183,192.168.1.167,tcp,0.35,516,2862,39,0,0
ALRT-00430,2026-01-01T07:10:00,10.0.241.71,192.168.1.143,tcp,2.77,2048,3601,53,0,0
ALRT-00431,2026-01-01T07:11:00,10.0.75.219,192.168.1.99,udp,3.48,727,2691,33,0,0
ALRT-00432,2026-01-01T07:12:00,10.0.90.61,192.168.1.236,tcp,2.67,1666,2623,19,0,0
ALRT-00433,2026-01-01T07:13:00,10.0.21.213,192.168.1.229,udp,4.07,1448,4855,34,0,0
ALRT-00434,2026-01-01T07:14:00,10.0.236.20,192.168.1.51,udp,0.96,713,3491,56,0,0
ALRT-00435,2026-01-01T07:15:00,10.0.204.41,192.168.1.163,tcp,0.79,1258,3113,41,0,0
ALRT-00436,2026-01-01T07:16:00,10.0.35.97,192.168.1.245,tcp,1.94,1221,1777,36,1,0
ALRT-00437,2026-01-01T07:17:00,10.0.111.217,192.168.1.124,tcp,1.08,1122,2077,23,0,0
ALRT-00438,2026-01-01T07:18:00,10.0.178.37,192.168.1.8,tcp,3.84,1422,3205,44,0,0
ALRT-00439,2026-01-01T07:19:00,10.0.148.222,192.168.1.34,tcp,0.64,959,3091,57,0,0
ALRT-00440,2026-01-01T07:20:00,10.0.168.59,192.168.1.169,udp,2.25,1286,4869,36,0,0
ALRT-00441,2026-01-01T07:21:00,10.0.32.115,192.168.1.229,tcp,1.24,1729,3849,37,0,0
ALRT-00442,2026-01-01T07:22:00,10.0.120.90,192.168.1.33,udp,31.35,116816,344,772,12,1
ALRT-00443,2026-01-01T07:23:00,10.0.27.30,192.168.1.139,tcp,1.81,506,2791,56,0,0
ALRT-00444,2026-01-01T07:24:00,10.0.134.239,192.168.1.126,tcp,0.5,1228,2033,15,0,0
ALRT-00445,2026-01-01T07:25:00,10.0.152.111,192.168.1.73,tcp,1.47,1284,3472,38,0,0
ALRT-00446,2026-01-01T07:26:00,10.0.237.175,192.168.1.160,tcp,1.05,1632,4024,37,1,0
ALRT-00447,2026-01-01T07:27:00,10.0.183.146,192.168.1.223,tcp,0.46,637,4351,42,0,0
ALRT-00448,2026-01-01T07:28:00,10.0.194.127,192.168.1.61,tcp,0.23,1343,3459,44,1,0
ALRT-00449,2026-01-01T07:29:00,10.0.158.156,192.168.1.14,tcp,2.66,476,3011,69,0,0
ALRT-00450,2026-01-01T07:30:00,10.0.191.228,192.168.1.91,tcp,2.73,1926,1555,63,0,0
ALRT-00451,2026-01-01T07:31:00,10.0.75.177,192.168.1.80,tcp,0.6,1530,3409,62,0,0
ALRT-00452,2026-01-01T07:32:00,10.0.8.135,192.168.1.184,tcp,1.86,1588,3818,31,0,0
ALRT-00453,2026-01-01T07:33:00,10.0.229.164,192.168.1.136,tcp,4.3,958,2756,32,0,0
ALRT-00454,2026-01-01T07:34:00,10.0.68.154,192.168.1.5,tcp,0.87,1357,2294,22,0,0
ALRT-00455,2026-01-01T07:35:00,10.0.91.110,192.168.1.86,tcp,1.85,983,3016,22,0,0
ALRT-00456,2026-01-01T07:36:00,10.0.58.159,192.168.1.186,tcp,5.2,1801,2337,59,1,0
ALRT-00457,2026-01-01T07:37:00,10.0.50.113,192.168.1.121,tcp,1.8,1653,3321,51,0,0
ALRT-00458,2026-01-01T07:38:00,10.0.239.192,192.168.1.143,tcp,2.68,1366,4284,52,0,0
ALRT-00459,2026-01-01T07:39:00,10.0.105.246,192.168.1.67,tcp,0.03,1205,4479,50,0,0
ALRT-00460,2026-01-01T07:40:00,10.0.3.243,192.168.1.81,tcp,0.31,1518,3820,46,0,0
ALRT-00461,2026-01-01T07:41:00,10.0.89.208,192.168.1.33,tcp,4.19,1675,3165,27,0,0
ALRT-00462,2026-01-01T07:42:00,10.0.241.153,192.168.1.21,udp,0.44,895,2663,28,0,0
ALRT-00463,2026-01-01T07:43:00,10.0.155.190,192.168.1.10,tcp,6.6,37198,84,1192,0,1
ALRT-00464,2026-01-01T07:44:00,10.0.61.46,192.168.1.158,tcp,0.53,1345,3491,44,0,0
ALRT-00465,2026-01-01T07:45:00,10.0.87.122,192.168.1.40,tcp,1.98,2085,4052,43,0,0
ALRT-00466,2026-01-01T07:46:00,10.0.189.66,192.168.1.146,tcp,3.5,1450,4755,22,0,0
ALRT-00467,2026-01-01T07:47:00,10.0.144.1,192.168.1.242,tcp,6.59,1747,3297,46,1,0
ALRT-00468,2026-01-01T07:48:00,10.0.7.245,192.168.1.177,tcp,3.84,455,2770,31,0,0
ALRT-00469,2026-01-01T07:49:00,10.0.216.219,192.168.1.146,tcp,8.2,1185,3845,45,0,0
ALRT-00470,2026-01-01T07:50:00,10.0.83.130,192.168.1.30,udp,3.36,1347,2666,56,0,0
ALRT-00471,2026-01-01T07:51:00,10.0.172.65,192.168.1.124,tcp,0.68,893,4279,35,0,0
ALRT-00472,2026-01-01T07:52:00,10.0.189.176,192.168.1.226,tcp,2.46,1153,2157,53,0,0
ALRT-00473,2026-01-01T07:53:00,10.0.103.111,192.168.1.98,tcp,0.5,885,2320,30,0,0
ALRT-00474,2026-01-01T07:54:00,10.0.78.204,192.168.1.210,tcp,3.38,768,1651,30,0,0
ALRT-00475,2026-01-01T07:55:00,10.0.251.253,192.168.1.180,icmp,1.31,79275,108,758,0,1
ALRT-00476,2026-01-01T07:56:00,10.0.196.89,192.168.1.68,udp,0.76,615,3832,50,0,0
ALRT-00477,2026-01-01T07:57:00,10.0.199.62,192.168.1.36,tcp,0.81,534,2935,43,0,0
ALRT-00478,2026-01-01T07:58:00,10.0.228.68,192.168.1.5,tcp,0.71,1421,1576,39,0,0
ALRT-00479,2026-01-01T07:59:00,10.0.102.24,192.168.1.70,tcp,2.7,1751,2744,20,0,0
ALRT-00480,2026-01-01T08:00:00,10.0.20.100,192.168.1.85,tcp,0.98,1808,3212,33,0,0
ALRT-00481,2026-01-01T08:01:00,10.0.140.5,192.168.1.166,tcp,0.1,655,2324,31,0,0
ALRT-00482,2026-01-01T08:02:00,10.0.215.29,192.168.1.145,udp,1.85,1212,2945,30,0,0
ALRT-00483,2026-01-01T08:03:00,10.0.254.69,192.168.1.122,udp,0.43,1656,2232,49,0,0
ALRT-00484,2026-01-01T08:04:00,10.0.96.41,192.168.1.183,tcp,4.76,1193,2131,46,0,0
ALRT-00485,2026-01-01T08:05:00,10.0.210.186,192.168.1.195,tcp,0.01,929,2642,36,0,0
ALRT-00486,2026-01-01T08:06:00,10.0.20.27,192.168.1.181,tcp,2.82,735,3127,38,0,0
ALRT-00487,2026-01-01T08:07:00,10.0.155.220,192.168.1.227,tcp,3.18,760,3699,48,0,0
ALRT-00488,2026-01-01T08:08:00,10.0.28.56,192.168.1.92,udp,1.84,1309,2620,46,0,0
ALRT-00489,2026-01-01T08:09:00,10.0.139.28,192.168.1.209,tcp,6.84,536,4518,29,0,0
ALRT-00490,2026-01-01T08:10:00,10.0.77.3,192.168.1.107,tcp,3.3,1430,3626,34,0,0
ALRT-00491,2026-01-01T08:11:00,10.0.127.181,192.168.1.47,tcp,7.77,1506,3057,27,0,0
ALRT-00492,2026-01-01T08:12:00,10.0.105.65,192.168.1.37,tcp,0.61,440,5176,31,0,0
ALRT-00493,2026-01-01T08:13:00,10.0.108.129,192.168.1.24,udp,1.11,1356,3204,20,0,0
ALRT-00494,2026-01-01T08:14:00,10.0.42.29,192.168.1.242,tcp,2.71,1703,2706,46,0,0
ALRT-00495,2026-01-01T08:15:00,10.0.46.250,192.168.1.43,udp,0.84,1095,2314,60,0,0
ALRT-00496,2026-01-01T08:16:00,10.0.184.32,192.168.1.212,tcp,1.04,1537,2074,47,0,0
ALRT-00497,2026-01-01T08:17:00,10.0.76.105,192.168.1.199,tcp,0.74,1311,2017,43,0,0
ALRT-00498,2026-01-01T08:18:00,10.0.46.216,192.168.1.112,tcp,0.46,922,2225,50,0,0
ALRT-00499,2026-01-01T08:19:00,10.0.239.62,192.168.1.232,udp,1.14,1014,3569,49,0,0
ALRT-00500,2026-01-01T08:20:00,10.0.4.68,192.168.1.230,tcp,2.14,1352,4411,46,0,0
ALRT-00501,2026-01-01T08:21:00,10.0.148.205,192.168.1.235,udp,1.01,408,3361,42,0,0
ALRT-00502,2026-01-01T08:22:00,10.0.86.70,192.168.1.126,tcp,0.31,1378,4002,52,0,0
ALRT-00503,2026-01-01T08:23:00,10.0.63.1,192.168.1.76,udp,0.06,1890,2821,45,0,0
ALRT-00504,2026-01-01T08:24:00,10.0.3.109,192.168.1.12,tcp,3.38,1714,3213,19,0,0
ALRT-00505,2026-01-01T08:25:00,10.0.157.4,192.168.1.213,tcp,10.09,73399,338,710,30,1
ALRT-00506,2026-01-01T08:26:00,10.0.51.231,192.168.1.221,tcp,0.21,1748,2899,44,0,0
ALRT-00507,2026-01-01T08:27:00,10.0.252.163,192.168.1.136,tcp,0.63,981,3554,14,0,0
ALRT-00508,2026-01-01T08:28:00,10.0.133.148,192.168.1.18,tcp,8.01,30403,230,584,12,1
ALRT-00509,2026-01-01T08:29:00,10.0.94.52,192.168.1.209,tcp,3.17,1856,2615,7,0,0
ALRT-00510,2026-01-01T08:30:00,10.0.95.178,192.168.1.76,tcp,1.06,861,3703,44,0,0
ALRT-00511,2026-01-01T08:31:00,10.0.168.172,192.168.1.139,tcp,1.69,1240,2397,52,0,0
ALRT-00512,2026-01-01T08:32:00,10.0.155.16,192.168.1.167,tcp,4.25,1394,2111,52,0,0
ALRT-00513,2026-01-01T08:33:00,10.0.159.223,192.168.1.37,tcp,0.33,887,1678,43,0,0
ALRT-00514,2026-01-01T08:34:00,10.0.165.147,192.168.1.16,udp,2.07,605,1930,31,0,0
ALRT-00515,2026-01-01T08:35:00,10.0.57.201,192.168.1.21,tcp,0.01,869,4312,44,0,0
ALRT-00516,2026-01-01T08:36:00,10.0.115.67,192.168.1.243,tcp,0.73,1243,3391,51,0,0
ALRT-00517,2026-01-01T08:37:00,10.0.124.31,192.168.1.243,tcp,2.62,1222,2846,31,0,0
ALRT-00518,2026-01-01T08:38:00,10.0.236.178,192.168.1.108,icmp,2.19,34724,397,1010,30,1
ALRT-00519,2026-01-01T08:39:00,10.0.83.201,192.168.1.108,udp,1.21,1610,4376,42,0,0
ALRT-00520,2026-01-01T08:40:00,10.0.13.98,192.168.1.103,tcp,0.26,1166,4047,57,0,0
ALRT-00521,2026-01-01T08:41:00,10.0.166.6,192.168.1.89,udp,4.32,1218,1745,39,0,0
ALRT-00522,2026-01-01T08:42:00,10.0.180.208,192.168.1.138,tcp,2.08,1455,2839,29,0,0
ALRT-00523,2026-01-01T08:43:00,10.0.151.53,192.168.1.91,tcp,0.2,782,1768,32,0,0
ALRT-00524,2026-01-01T08:44:00,10.0.191.86,192.168.1.156,tcp,5.01,312,3864,44,0,0
ALRT-00525,2026-01-01T08:45:00,10.0.187.159,192.168.1.96,tcp,0.88,1049,2186,29,0,0
ALRT-00526,2026-01-01T08:46:00,10.0.23.26,192.168.1.160,tcp,2.28,1936,2381,31,0,0
ALRT-00527,2026-01-01T08:47:00,10.0.3.19,192.168.1.240,tcp,2.41,476,3800,32,0,0
ALRT-00528,2026-01-01T08:48:00,10.0.76.7,192.168.1.53,udp,0.98,1472,3549,48,0,0
ALRT-00529,2026-01-01T08:49:00,10.0.239.232,192.168.1.16,tcp,1.25,877,2638,36,0,0
ALRT-00530,2026-01-01T08:50:00,10.0.44.79,192.168.1.134,tcp,2.62,868,3946,22,0,0
ALRT-00531,2026-01-01T08:51:00,10.0.189.168,192.168.1.31,tcp,0.3,1105,988,59,0,0
ALRT-00532,2026-01-01T08:52:00,10.0.148.251,192.168.1.59,udp,1.32,1774,1293,43,0,0
ALRT-00533,2026-01-01T08:53:00,10.0.160.170,192.168.1.200,tcp,8.41,1050,3332,33,0,0
ALRT-00534,2026-01-01T08:54:00,10.0.128.133,192.168.1.106,tcp,11.94,1756,4215,32,0,0
ALRT-00535,2026-01-01T08:55:00,10.0.74.132,192.168.1.140,tcp,0.61,1599,2640,50,0,0
ALRT-00536,2026-01-01T08:56:00,10.0.234.96,192.168.1.197,tcp,1.58,1240,3737,39,0,0
ALRT-00537,2026-01-01T08:57:00,10.0.33.152,192.168.1.33,tcp,3.19,1105,2350,40,0,0
ALRT-00538,2026-01-01T08:58:00,10.0.200.243,192.168.1.122,tcp,1.73,1137,1291,25,0,0
ALRT-00539,2026-01-01T08:59:00,10.0.138.200,192.168.1.9,udp,2.3,1123,3249,29,0,0
ALRT-00540,2026-01-01T09:00:00,10.0.63.108,192.168.1.127,tcp,6.08,1263,3321,23,0,0
ALRT-00541,2026-01-01T09:01:00,10.0.106.85,192.168.1.57,tcp,0.46,2325,2399,30,0,0
ALRT-00542,2026-01-01T09:02:00,10.0.182.224,192.168.1.231,tcp,1.74,2135,2002,34,0,0
ALRT-00543,2026-01-01T09:03:00,10.0.83.35,192.168.1.66,tcp,6.39,586,1302,49,0,0
ALRT-00544,2026-01-01T09:04:00,10.0.210.215,192.168.1.51,tcp,1.68,1463,3273,34,0,0
ALRT-00545,2026-01-01T09:05:00,10.0.238.65,192.168.1.4,tcp,12.48,1678,4603,49,0,0
ALRT-00546,2026-01-01T09:06:00,10.0.183.182,192.168.1.34,tcp,4.09,1058,2528,65,0,0
ALRT-00547,2026-01-01T09:07:00,10.0.201.204,192.168.1.55,tcp,0.82,1270,3439,26,0,0
ALRT-00548,2026-01-01T09:08:00,10.0.242.121,192.168.1.58,tcp,0.07,1242,2413,36,0,0
ALRT-00549,2026-01-01T09:09:00,10.0.19.49,192.168.1.187,tcp,2.39,884,2952,36,0,0
ALRT-00550,2026-01-01T09:10:00,10.0.226.214,192.168.1.225,tcp,5.87,1910,2975,69,0,0
ALRT-00551,2026-01-01T09:11:00,10.0.2.93,192.168.1.217,tcp,1.81,846,4021,53,0,0
ALRT-00552,2026-01-01T09:12:00,10.0.62.82,192.168.1.242,tcp,3.71,1323,3776,45,0,0
ALRT-00553,2026-01-01T09:13:00,10.0.162.130,192.168.1.228,tcp,1.73,489,3919,23,0,0
ALRT-00554,2026-01-01T09:14:00,10.0.122.111,192.168.1.116,tcp,2.06,1500,2872,32,0,0
ALRT-00555,2026-01-01T09:15:00,10.0.163.173,192.168.1.99,udp,3.1,433,1855,35,0,0
ALRT-00556,2026-01-01T09:16:00,10.0.11.35,192.168.1.165,udp,2.21,1391,3915,37,0,0
ALRT-00557,2026-01-01T09:17:00,10.0.86.111,192.168.1.81,tcp,0.62,1453,3701,32,0,0
ALRT-00558,2026-01-01T09:18:00,10.0.254.226,192.168.1.153,tcp,1.0,1237,3379,38,0,0
ALRT-00559,2026-01-01T09:19:00,10.0.165.10,192.168.1.253,tcp,3.08,1396,2895,57,1,0
ALRT-00560,2026-01-01T09:20:00,10.0.25.116,192.168.1.51,tcp,0.67,1278,4133,43,0,0
ALRT-00561,2026-01-01T09:21:00,10.0.149.168,192.168.1.195,udp,31.44,72691,366,312,30,1
ALRT-00562,2026-01-01T09:22:00,10.0.36.225,192.168.1.237,tcp,1.92,694,3071,27,0,0
ALRT-00563,2026-01-01T09:23:00,10.0.125.151,192.168.1.136,tcp,0.07,805,4849,43,0,0
ALRT-00564,2026-01-01T09:24:00,10.0.10.209,192.168.1.91,tcp,1.01,1470,1835,47,0,0
ALRT-00565,2026-01-01T09:25:00,10.0.138.57,192.168.1.65,tcp,3.33,1619,2634,39,1,0
ALRT-00566,2026-01-01T09:26:00,10.0.81.90,192.168.1.43,tcp,0.58,2109,2345,43,0,0
ALRT-00567,2026-01-01T09:27:00,10.0.6.239,192.168.1.82,udp,3.22,874,3215,37,0,0
ALRT-00568,2026-01-01T09:28:00,10.0.204.225,192.168.1.189,udp,2.55,1184,2117,56,0,0
ALRT-00569,2026-01-01T09:29:00,10.0.90.142,192.168.1.131,icmp,19.23,48936,198,1199,30,1
ALRT-00570,2026-01-01T09:30:00,10.0.116.121,192.168.1.57,tcp,0.93,648,2563,54,0,0
ALRT-00571,2026-01-01T09:31:00,10.0.150.115,192.168.1.138,tcp,4.47,1390,2970,44,0,0
ALRT-00572,2026-01-01T09:32:00,10.0.197.15,192.168.1.205,udp,1.56,1111,4071,49,0,0
ALRT-00573,2026-01-01T09:33:00,10.0.49.226,192.168.1.4,tcp,0.88,478,1910,11,0,0
ALRT-00574,2026-01-01T09:34:00,10.0.224.207,192.168.1.6,tcp,0.86,1178,3922,38,0,0
ALRT-00575,2026-01-01T09:35:00,10.0.94.116,192.168.1.243,udp,0.91,1470,3378,39,0,0
ALRT-00576,2026-01-01T09:36:00,10.0.6.71,192.168.1.190,udp,1.7,1598,4427,45,0,0
ALRT-00577,2026-01-01T09:37:00,10.0.185.87,192.168.1.146,tcp,0.49,1792,3776,34,0,0
ALRT-00578,2026-01-01T09:38:00,10.0.122.32,192.168.1.230,tcp,1.14,1665,3436,55,0,0
ALRT-00579,2026-01-01T09:39:00,10.0.126.183,192.168.1.150,tcp,1.44,1113,1609,53,0,0
ALRT-00580,2026-01-01T09:40:00,10.0.145.141,192.168.1.132,udp,1.11,1205,3306,32,0,0
ALRT-00581,2026-01-01T09:41:00,10.0.233.60,192.168.1.54,tcp,0.16,1676,2022,53,0,0
ALRT-00582,2026-01-01T09:42:00,10.0.76.158,192.168.1.206,udp,6.07,1284,3560,38,0,0
ALRT-00583,2026-01-01T09:43:00,10.0.122.248,192.168.1.194,tcp,2.7,1256,1838,45,0,0
ALRT-00584,2026-01-01T09:44:00,10.0.15.31,192.168.1.75,tcp,0.46,1674,3647,46,0,0
ALRT-00585,2026-01-01T09:45:00,10.0.87.116,192.168.1.187,udp,1.67,94,1735,46,1,0
ALRT-00586,2026-01-01T09:46:00,10.0.227.126,192.168.1.184,tcp,0.47,792,4690,58,0,0
ALRT-00587,2026-01-01T09:47:00,10.0.111.43,192.168.1.25,tcp,0.65,965,4857,29,0,0
ALRT-00588,2026-01-01T09:48:00,10.0.110.135,192.168.1.41,tcp,2.83,1717,4026,30,0,0
ALRT-00589,2026-01-01T09:49:00,10.0.148.154,192.168.1.151,tcp,0.31,1063,1897,21,0,0
ALRT-00590,2026-01-01T09:50:00,10.0.109.40,192.168.1.158,udp,2.22,1162,4114,41,0,0
ALRT-00591,2026-01-01T09:51:00,10.0.38.40,192.168.1.167,udp,5.3,1271,1260,50,0,0
ALRT-00592,2026-01-01T09:52:00,10.0.157.217,192.168.1.95,udp,3.95,1731,2436,53,0,0
ALRT-00593,2026-01-01T09:53:00,10.0.225.79,192.168.1.212,tcp,0.43,2157,4256,30,0,0
ALRT-00594,2026-01-01T09:54:00,10.0.20.160,192.168.1.113,tcp,0.41,1245,2296,34,0,0
ALRT-00595,2026-01-01T09:55:00,10.0.9.159,192.168.1.53,tcp,1.35,750,2699,39,0,0
ALRT-00596,2026-01-01T09:56:00,10.0.97.213,192.168.1.30,tcp,0.17,455,3046,40,0,0
ALRT-00597,2026-01-01T09:57:00,10.0.159.188,192.168.1.223,udp,2.84,322,3880,34,0,0
ALRT-00598,2026-01-01T09:58:00,10.0.103.213,192.168.1.179,tcp,0.35,918,2004,13,0,0
ALRT-00599,2026-01-01T09:59:00,10.0.133.159,192.168.1.117,tcp,2.26,1465,2280,26,0,0
ALRT-00600,2026-01-01T10:00:00,10.0.91.114,192.168.1.53,tcp,0.63,1420,2294,33,0,0
ALRT-00601,2026-01-01T10:01:00,10.0.214.100,192.168.1.25,tcp,1.88,1251,2972,26,0,0
ALRT-00602,2026-01-01T10:02:00,10.0.5.96,192.168.1.39,tcp,2.8,1160,2442,51,0,0
ALRT-00603,2026-01-01T10:03:00,10.0.99.106,192.168.1.27,tcp,0.14,1174,2085,50,0,0
ALRT-00604,2026-01-01T10:04:00,10.0.18.33,192.168.1.134,tcp,1.48,1026,3572,23,0,0
ALRT-00605,2026-01-01T10:05:00,10.0.82.108,192.168.1.51,tcp,1.61,88165,112,848,0,1
ALRT-00606,2026-01-01T10:06:00,10.0.7.99,192.168.1.33,udp,0.24,1510,3438,32,0,0
ALRT-00607,2026-01-01T10:07:00,10.0.81.9,192.168.1.72,udp,3.44,694,1857,56,0,0
ALRT-00608,2026-01-01T10:08:00,10.0.63.70,192.168.1.177,tcp,1.44,1882,1728,38,1,0
ALRT-00609,2026-01-01T10:09:00,10.0.36.191,192.168.1.126,udp,2.3,1299,3633,34,0,0
ALRT-00610,2026-01-01T10:10:00,10.0.18.147,192.168.1.39,udp,2.37,685,3011,43,0,0
ALRT-00611,2026-01-01T10:11:00,10.0.169.204,192.168.1.190,tcp,2.8,1127,3752,46,0,0
ALRT-00612,2026-01-01T10:12:00,10.0.139.138,192.168.1.124,tcp,8.9,1191,3063,61,0,0
ALRT-00613,2026-01-01T10:13:00,10.0.194.217,192.168.1.48,udp,0.76,1121,3368,27,0,0
ALRT-00614,2026-01-01T10:14:00,10.0.53.202,192.168.1.175,udp,0.11,891,3441,36,0,0
ALRT-00615,2026-01-01T10:15:00,10.0.117.25,192.168.1.252,tcp,0.28,803,4405,42,0,0
ALRT-00616,2026-01-01T10:16:00,10.0.156.248,192.168.1.137,tcp,11.83,50569,158,528,12,1
ALRT-00617,2026-01-01T10:17:00,10.0.35.4,192.168.1.41,tcp,0.27,518,3193,40,0,0
ALRT-00618,2026-01-01T10:18:00,10.0.233.152,192.168.1.79,tcp,35.25,107304,379,1087,30,1
ALRT-00619,2026-01-01T10:19:00,10.0.55.201,192.168.1.152,udp,0.1,690,2264,23,0,0
ALRT-00620,2026-01-01T10:20:00,10.0.100.84,192.168.1.253,tcp,0.19,857,2795,48,0,0
ALRT-00621,2026-01-01T10:21:00,10.0.73.152,192.168.1.236,tcp,1.2,1663,4769,39,0,0
ALRT-00622,2026-01-01T10:22:00,10.0.34.92,192.168.1.237,tcp,0.17,1618,2370,39,0,0
ALRT-00623,2026-01-01T10:23:00,10.0.77.16,192.168.1.211,tcp,0.09,1585,2432,28,0,0
ALRT-00624,2026-01-01T10:24:00,10.0.194.3,192.168.1.146,tcp,1.2,1403,3569,36,0,0
ALRT-00625,2026-01-01T10:25:00,10.0.244.25,192.168.1.164,udp,0.1,1316,2440,43,0,0
ALRT-00626,2026-01-01T10:26:00,10.0.91.25,192.168.1.186,tcp,0.43,327,2403,62,0,0
ALRT-00627,2026-01-01T10:27:00,10.0.93.155,192.168.1.182,udp,14.67,65133,416,1102,0,1
ALRT-00628,2026-01-01T10:28:00,10.0.22.134,192.168.1.162,tcp,1.49,1156,1905,39,0,0
ALRT-00629,2026-01-01T10:29:00,10.0.196.116,192.168.1.34,tcp,3.55,839,2949,43,0,0
ALRT-00630,2026-01-01T10:30:00,10.0.28.176,192.168.1.223,icmp,12.76,92760,141,984,0,1
ALRT-00631,2026-01-01T10:31:00,10.0.47.5,192.168.1.3,tcp,0.97,224,3255,35,0,0
ALRT-00632,2026-01-01T10:32:00,10.0.111.69,192.168.1.108,tcp,0.55,1441,2346,35,0,0
ALRT-00633,2026-01-01T10:33:00,10.0.7.197,192.168.1.110,tcp,2.96,1043,2847,31,0,0
ALRT-00634,2026-01-01T10:34:00,10.0.152.231,192.168.1.252,tcp,2.79,1102,3841,46,0,0
ALRT-00635,2026-01-01T10:35:00,10.0.122.111,192.168.1.23,udp,1.19,1422,3773,42,0,0
ALRT-00636,2026-01-01T10:36:00,10.0.214.21,192.168.1.121,tcp,0.79,1610,2390,54,1,0
ALRT-00637,2026-01-01T10:37:00,10.0.92.203,192.168.1.91,tcp,23.73,53042,33,939,0,1
ALRT-00638,2026-01-01T10:38:00,10.0.74.224,192.168.1.25,tcp,5.15,1304,2498,28,0,0
ALRT-00639,2026-01-01T10:39:00,10.0.72.105,192.168.1.57,udp,19.42,64265,579,405,30,1
ALRT-00640,2026-01-01T10:40:00,10.0.228.62,192.168.1.107,tcp,1.59,1420,2506,45,0,0
ALRT-00641,2026-01-01T10:41:00,10.0.246.12,192.168.1.232,tcp,6.29,1188,4140,29,0,0
ALRT-00642,2026-01-01T10:42:00,10.0.67.150,192.168.1.99,tcp,0.89,854,3677,37,0,0
ALRT-00643,2026-01-01T10:43:00,10.0.151.231,192.168.1.223,udp,44.27,60703,158,1111,0,1
ALRT-00644,2026-01-01T10:44:00,10.0.244.172,192.168.1.186,tcp,1.71,1017,3901,46,0,0
ALRT-00645,2026-01-01T10:45:00,10.0.168.81,192.168.1.208,tcp,0.2,2212,3978,31,0,0
ALRT-00646,2026-01-01T10:46:00,10.0.205.163,192.168.1.216,udp,2.02,88123,271,956,5,1
ALRT-00647,2026-01-01T10:47:00,10.0.6.211,192.168.1.181,tcp,1.3,1664,2289,29,0,0
ALRT-00648,2026-01-01T10:48:00,10.0.91.121,192.168.1.186,tcp,7.01,1615,3511,33,0,0
ALRT-00649,2026-01-01T10:49:00,10.0.123.208,192.168.1.39,tcp,0.05,822,1908,2,0,0
ALRT-00650,2026-01-01T10:50:00,10.0.68.100,192.168.1.182,tcp,0.0,1387,2935,29,0,0
ALRT-00651,2026-01-01T10:51:00,10.0.9.89,192.168.1.13,tcp,7.97,1499,1895,37,1,0
ALRT-00652,2026-01-01T10:52:00,10.0.22.148,192.168.1.187,tcp,1.92,1548,2749,28,0,0
ALRT-00653,2026-01-01T10:53:00,10.0.227.118,192.168.1.166,tcp,1.17,942,3485,60,0,0
ALRT-00654,2026-01-01T10:54:00,10.0.232.248,192.168.1.192,tcp,20.17,69800,309,534,5,1
ALRT-00655,2026-01-01T10:55:00,10.0.13.131,192.168.1.163,tcp,6.06,1051,4776,44,0,0
ALRT-00656,2026-01-01T10:56:00,10.0.134.98,192.168.1.94,tcp,0.64,836,5533,50,0,0
ALRT-00657,2026-01-01T10:57:00,10.0.211.100,192.168.1.94,tcp,0.47,35166,415,607,5,1
ALRT-00658,2026-01-01T10:58:00,10.0.14.139,192.168.1.151,tcp,0.33,475,3954,51,0,0
ALRT-00659,2026-01-01T10:59:00,10.0.51.90,192.168.1.120,tcp,0.38,807,3681,43,0,0
ALRT-00660,2026-01-01T11:00:00,10.0.127.183,192.168.1.87,tcp,0.49,1399,5097,16,0,0
ALRT-00661,2026-01-01T11:01:00,10.0.70.97,192.168.1.124,tcp,1.64,1398,4280,35,0,0
ALRT-00662,2026-01-01T11:02:00,10.0.17.98,192.168.1.136,udp,40.59,68542,502,511,5,1
ALRT-00663,2026-01-01T11:03:00,10.0.147.157,192.168.1.61,tcp,8.08,777,3871,51,0,0
ALRT-00664,2026-01-01T11:04:00,10.0.74.16,192.168.1.162,tcp,0.16,1162,3478,20,0,0
ALRT-00665,2026-01-01T11:05:00,10.0.147.166,192.168.1.80,tcp,2.6,1217,3186,44,0,0
ALRT-00666,2026-01-01T11:06:00,10.0.21.128,192.168.1.68,tcp,1.66,1335,3316,42,0,0
ALRT-00667,2026-01-01T11:07:00,10.0.24.115,192.168.1.106,udp,1.16,987,3653,32,0,0
ALRT-00668,2026-01-01T11:08:00,10.0.163.182,192.168.1.27,tcp,0.63,1084,525,54,0,0
ALRT-00669,2026-01-01T11:09:00,10.0.182.192,192.168.1.153,udp,5.42,1398,2558,38,1,0
ALRT-00670,2026-01-01T11:10:00,10.0.61.215,192.168.1.186,tcp,1.33,1137,5243,40,0,0
ALRT-00671,2026-01-01T11:11:00,10.0.89.95,192.168.1.242,tcp,4.46,847,4263,43,0,0
ALRT-00672,2026-01-01T11:12:00,10.0.200.83,192.168.1.72,tcp,0.56,1346,4819,44,0,0
ALRT-00673,2026-01-01T11:13:00,10.0.19.181,192.168.1.137,udp,0.06,1375,2945,36,0,0
ALRT-00674,2026-01-01T11:14:00,10.0.168.148,192.168.1.128,tcp,1.39,1836,3025,13,0,0
ALRT-00675,2026-01-01T11:15:00,10.0.36.160,192.168.1.185,tcp,6.02,851,2223,50,0,0
ALRT-00676,2026-01-01T11:16:00,10.0.50.141,192.168.1.159,udp,0.87,1464,1910,55,0,0
ALRT-00677,2026-01-01T11:17:00,10.0.129.196,192.168.1.205,tcp,0.84,997,3785,15,0,0
ALRT-00678,2026-01-01T11:18:00,10.0.249.49,192.168.1.216,tcp,0.6,1132,2570,36,0,0
ALRT-00679,2026-01-01T11:19:00,10.0.29.141,192.168.1.29,tcp,3.1,914,2186,43,0,0
ALRT-00680,2026-01-01T11:20:00,10.0.242.40,192.168.1.90,tcp,2.07,365,1928,44,0,0
ALRT-00681,2026-01-01T11:21:00,10.0.124.104,192.168.1.166,tcp,0.89,2183,5363,34,0,0
ALRT-00682,2026-01-01T11:22:00,10.0.81.168,192.168.1.138,tcp,3.88,819,4321,45,0,0
ALRT-00683,2026-01-01T11:23:00,10.0.75.125,192.168.1.122,tcp,0.49,1147,3219,43,0,0
ALRT-00684,2026-01-01T11:24:00,10.0.215.97,192.168.1.44,tcp,2.41,1534,3767,39,0,0
ALRT-00685,2026-01-01T11:25:00,10.0.5.224,192.168.1.145,tcp,2.54,1038,3804,65,0,0
ALRT-00686,2026-01-01T11:26:00,10.0.69.196,192.168.1.188,tcp,2.14,923,2945,46,0,0
ALRT-00687,2026-01-01T11:27:00,10.0.194.134,192.168.1.10,udp,1.44,1075,3903,45,0,0
ALRT-00688,2026-01-01T11:28:00,10.0.22.241,192.168.1.150,tcp,3.54,1054,4811,37,0,0
ALRT-00689,2026-01-01T11:29:00,10.0.173.108,192.168.1.230,tcp,8.59,1113,4599,45,0,0
ALRT-00690,2026-01-01T11:30:00,10.0.217.200,192.168.1.146,tcp,5.82,1164,4212,43,0,0
ALRT-00691,2026-01-01T11:31:00,10.0.193.43,192.168.1.242,udp,0.46,1023,3103,45,0,0
ALRT-00692,2026-01-01T11:32:00,10.0.161.73,192.168.1.90,tcp,0.81,1422,4278,44,0,0
ALRT-00693,2026-01-01T11:33:00,10.0.20.86,192.168.1.1,tcp,1.08,1786,3167,42,0,0
ALRT-00694,2026-01-01T11:34:00,10.0.26.27,192.168.1.173,udp,1.58,1204,2560,24,0,0
ALRT-00695,2026-01-01T11:35:00,10.0.185.127,192.168.1.54,tcp,1.86,876,3118,48,0,0
ALRT-00696,2026-01-01T11:36:00,10.0.101.49,192.168.1.3,tcp,0.22,1567,2238,55,0,0
ALRT-00697,2026-01-01T11:37:00,10.0.196.161,192.168.1.46,udp,4.19,800,2795,30,1,0
ALRT-00698,2026-01-01T11:38:00,10.0.149.49,192.168.1.237,tcp,0.23,1304,2696,35,0,0
ALRT-00699,2026-01-01T11:39:00,10.0.31.32,192.168.1.198,udp,1.21,802,2310,39,0,0
ALRT-00700,2026-01-01T11:40:00,10.0.6.246,192.168.1.70,tcp,3.48,923,2885,55,0,0
ALRT-00701,2026-01-01T11:41:00,10.0.93.167,192.168.1.152,tcp,1.78,1618,3973,50,0,0
ALRT-00702,2026-01-01T11:42:00,10.0.250.237,192.168.1.86,tcp,1.17,1353,3063,32,0,0
ALRT-00703,2026-01-01T11:43:00,10.0.81.124,192.168.1.45,tcp,2.53,2241,3540,44,0,0
ALRT-00704,2026-01-01T11:44:00,10.0.118.9,192.168.1.251,tcp,0.9,935,3631,41,1,0
ALRT-00705,2026-01-01T11:45:00,10.0.195.146,192.168.1.206,tcp,2.32,993,2642,34,0,0
ALRT-00706,2026-01-01T11:46:00,10.0.94.142,192.168.1.92,tcp,1.02,1966,2946,29,0,0
ALRT-00707,2026-01-01T11:47:00,10.0.187.4,192.168.1.90,tcp,3.34,1464,4464,36,0,0
ALRT-00708,2026-01-01T11:48:00,10.0.164.218,192.168.1.207,tcp,1.92,928,4508,51,0,0
ALRT-00709,2026-01-01T11:49:00,10.0.185.157,192.168.1.117,tcp,1.16,1936,2184,36,0,0
ALRT-00710,2026-01-01T11:50:00,10.0.23.189,192.168.1.96,tcp,0.76,1656,3278,39,0,0
ALRT-00711,2026-01-01T11:51:00,10.0.191.125,192.168.1.98,tcp,3.56,1355,3145,47,0,0
ALRT-00712,2026-01-01T11:52:00,10.0.148.157,192.168.1.114,tcp,0.79,1577,1937,35,0,0
ALRT-00713,2026-01-01T11:53:00,10.0.30.66,192.168.1.132,tcp,0.75,1683,2091,58,0,0
ALRT-00714,2026-01-01T11:54:00,10.0.202.247,192.168.1.11,tcp,3.78,1237,3957,32,0,0
ALRT-00715,2026-01-01T11:55:00,10.0.68.102,192.168.1.122,tcp,4.31,1354,3514,36,1,0
ALRT-00716,2026-01-01T11:56:00,10.0.233.42,192.168.1.112,tcp,0.66,1432,4828,42,0,0
ALRT-00717,2026-01-01T11:57:00,10.0.66.15,192.168.1.70,udp,1.45,1133,2044,42,0,0
ALRT-00718,2026-01-01T11:58:00,10.0.59.161,192.168.1.90,tcp,0.62,1393,3649,58,0,0
ALRT-00719,2026-01-01T11:59:00,10.0.88.249,192.168.1.108,tcp,0.03,802,3199,40,0,0
ALRT-00720,2026-01-01T12:00:00,10.0.227.227,192.168.1.93,icmp,22.71,58601,173,834,5,1
ALRT-00721,2026-01-01T12:01:00,10.0.185.178,192.168.1.230,udp,0.26,1252,2199,36,0,0
ALRT-00722,2026-01-01T12:02:00,10.0.129.251,192.168.1.134,tcp,5.38,1687,4315,39,0,0
ALRT-00723,2026-01-01T12:03:00,10.0.24.183,192.168.1.128,udp,0.09,1334,3218,25,0,0
ALRT-00724,2026-01-01T12:04:00,10.0.35.86,192.168.1.67,tcp,3.34,2004,3483,34,0,0
ALRT-00725,2026-01-01T12:05:00,10.0.65.153,192.168.1.232,tcp,1.12,1571,3303,29,0,0
ALRT-00726,2026-01-01T12:06:00,10.0.200.21,192.168.1.6,tcp,2.66,935,2386,32,0,0
ALRT-00727,2026-01-01T12:07:00,10.0.153.57,192.168.1.140,tcp,2.79,337,2243,48,0,0
ALRT-00728,2026-01-01T12:08:00,10.0.19.106,192.168.1.43,tcp,10.13,878,3470,37,0,0
ALRT-00729,2026-01-01T12:09:00,10.0.148.52,192.168.1.195,tcp,0.5,1186,4174,56,0,0
ALRT-00730,2026-01-01T12:10:00,10.0.99.242,192.168.1.96,tcp,1.11,1067,2401,38,0,0
ALRT-00731,2026-01-01T12:11:00,10.0.88.252,192.168.1.75,tcp,1.96,1530,3096,40,0,0
ALRT-00732,2026-01-01T12:12:00,10.0.212.94,192.168.1.15,tcp,1.93,1969,3413,27,0,0
ALRT-00733,2026-01-01T12:13:00,10.0.147.180,192.168.1.200,tcp,3.36,796,3580,47,0,0
ALRT-00734,2026-01-01T12:14:00,10.0.118.104,192.168.1.101,tcp,1.32,1587,2431,34,0,0
ALRT-00735,2026-01-01T12:15:00,10.0.84.36,192.168.1.67,tcp,3.59,732,2430,18,0,0
ALRT-00736,2026-01-01T12:16:00,10.0.6.86,192.168.1.214,tcp,1.0,1400,5560,32,0,0
ALRT-00737,2026-01-01T12:17:00,10.0.202.60,192.168.1.5,tcp,1.24,666,3107,40,0,0
ALRT-00738,2026-01-01T12:18:00,10.0.45.84,192.168.1.119,tcp,0.65,1297,3877,46,0,0
ALRT-00739,2026-01-01T12:19:00,10.0.152.55,192.168.1.41,tcp,5.78,899,1785,20,0,0
ALRT-00740,2026-01-01T12:20:00,10.0.56.29,192.168.1.33,udp,0.11,1381,3567,49,0,0
ALRT-00741,2026-01-01T12:21:00,10.0.84.56,192.168.1.6,tcp,1.85,1247,3775,41,0,0
ALRT-00742,2026-01-01T12:22:00,10.0.211.230,192.168.1.48,tcp,2.3,1236,3580,50,0,0
ALRT-00743,2026-01-01T12:23:00,10.0.94.22,192.168.1.240,udp,0.35,1311,3357,30,0,0
ALRT-00744,2026-01-01T12:24:00,10.0.22.83,192.168.1.113,tcp,0.02,1395,2738,42,0,0
ALRT-00745,2026-01-01T12:25:00,10.0.118.134,192.168.1.253,udp,0.18,853,3659,34,0,0
ALRT-00746,2026-01-01T12:26:00,10.0.77.90,192.168.1.68,udp,2.58,946,2600,45,0,0
ALRT-00747,2026-01-01T12:27:00,10.0.72.131,192.168.1.193,tcp,2.14,994,2485,54,0,0
ALRT-00748,2026-01-01T12:28:00,10.0.177.11,192.168.1.23,tcp,0.86,755,3231,40,0,0
ALRT-00749,2026-01-01T12:29:00,10.0.122.165,192.168.1.28,tcp,2.14,1202,2941,32,0,0
ALRT-00750,2026-01-01T12:30:00,10.0.171.143,192.168.1.5,udp,3.37,515,3842,56,0,0
ALRT-00751,2026-01-01T12:31:00,10.0.133.173,192.168.1.228,tcp,4.3,1507,3252,30,0,0
ALRT-00752,2026-01-01T12:32:00,10.0.96.144,192.168.1.170,tcp,3.04,965,3725,59,0,0
ALRT-00753,2026-01-01T12:33:00,10.0.81.111,192.168.1.189,tcp,0.07,1205,4358,40,0,0
ALRT-00754,2026-01-01T12:34:00,10.0.31.89,192.168.1.235,tcp,0.74,40609,285,730,0,1
ALRT-00755,2026-01-01T12:35:00,10.0.36.58,192.168.1.85,tcp,0.53,853,2689,40,0,0
ALRT-00756,2026-01-01T12:36:00,10.0.106.127,192.168.1.183,tcp,1.49,1720,4454,32,0,0
ALRT-00757,2026-01-01T12:37:00,10.0.240.7,192.168.1.128,tcp,1.21,1143,2848,33,0,0
ALRT-00758,2026-01-01T12:38:00,10.0.229.84,192.168.1.138,tcp,1.14,2306,1777,42,0,0
ALRT-00759,2026-01-01T12:39:00,10.0.184.172,192.168.1.168,tcp,0.17,1482,3687,21,0,0
ALRT-00760,2026-01-01T12:40:00,10.0.247.28,192.168.1.119,tcp,0.73,755,3102,27,0,0
ALRT-00761,2026-01-01T12:41:00,10.0.246.16,192.168.1.7,udp,1.62,1233,3843,60,0,0
ALRT-00762,2026-01-01T12:42:00,10.0.223.166,192.168.1.19,udp,0.34,990,1447,47,0,0
ALRT-00763,2026-01-01T12:43:00,10.0.122.101,192.168.1.127,tcp,1.48,983,2296,70,0,0
ALRT-00764,2026-01-01T12:44:00,10.0.23.203,192.168.1.145,tcp,3.97,1603,4746,31,0,0
ALRT-00765,2026-01-01T12:45:00,10.0.185.238,192.168.1.186,tcp,0.71,1280,3401,39,0,0
ALRT-00766,2026-01-01T12:46:00,10.0.186.243,192.168.1.145,tcp,1.56,461,5010,38,0,0
ALRT-00767,2026-01-01T12:47:00,10.0.226.108,192.168.1.48,tcp,2.08,56251,196,340,12,1
ALRT-00768,2026-01-01T12:48:00,10.0.179.67,192.168.1.93,tcp,1.01,1105,3384,27,0,0
ALRT-00769,2026-01-01T12:49:00,10.0.202.154,192.168.1.113,tcp,5.69,1368,1867,37,0,0
ALRT-00770,2026-01-01T12:50:00,10.0.112.159,192.168.1.249,tcp,3.9,1693,3654,35,0,0
ALRT-00771,2026-01-01T12:51:00,10.0.70.158,192.168.1.135,udp,9.96,1455,3036,30,0,0
ALRT-00772,2026-01-01T12:52:00,10.0.121.82,192.168.1.161,tcp,3.61,1716,3499,32,0,0
ALRT-00773,2026-01-01T12:53:00,10.0.248.17,192.168.1.187,tcp,0.74,1514,3217,27,0,0
ALRT-00774,2026-01-01T12:54:00,10.0.193.54,192.168.1.92,tcp,1.32,1002,3307,36,0,0
ALRT-00775,2026-01-01T12:55:00,10.0.56.40,192.168.1.245,tcp,4.2,993,3568,31,0,0
ALRT-00776,2026-01-01T12:56:00,10.0.26.32,192.168.1.171,tcp,0.15,1671,3834,31,0,0
ALRT-00777,2026-01-01T12:57:00,10.0.212.235,192.168.1.215,tcp,1.11,247,3994,29,0,0
ALRT-00778,2026-01-01T12:58:00,10.0.149.4,192.168.1.190,tcp,1.55,769,3947,33,0,0
ALRT-00779,2026-01-01T12:59:00,10.0.220.153,192.168.1.158,tcp,0.06,965,2507,48,0,0
ALRT-00780,2026-01-01T13:00:00,10.0.132.240,192.168.1.8,tcp,0.52,1114,3985,22,0,0
ALRT-00781,2026-01-01T13:01:00,10.0.104.92,192.168.1.148,tcp,0.12,1051,2799,23,0,0
ALRT-00782,2026-01-01T13:02:00,10.0.198.134,192.168.1.33,tcp,1.24,1403,3371,34,0,0
ALRT-00783,2026-01-01T13:03:00,10.0.182.177,192.168.1.153,udp,2.4,763,3076,47,0,0
ALRT-00784,2026-01-01T13:04:00,10.0.214.81,192.168.1.178,tcp,1.79,406,1692,30,0,0
ALRT-00785,2026-01-01T13:05:00,10.0.18.121,192.168.1.138,tcp,2.03,1509,2239,40,0,0
ALRT-00786,2026-01-01T13:06:00,10.0.165.207,192.168.1.79,tcp,14.64,45020,119,947,0,1
ALRT-00787,2026-01-01T13:07:00,10.0.68.189,192.168.1.16,tcp,1.22,1154,3003,34,0,0
ALRT-00788,2026-01-01T13:08:00,10.0.212.205,192.168.1.170,tcp,1.21,1044,2397,44,0,0
ALRT-00789,2026-01-01T13:09:00,10.0.206.250,192.168.1.177,tcp,0.06,642,3077,43,0,0
ALRT-00790,2026-01-01T13:10:00,10.0.168.94,192.168.1.121,tcp,1.74,1021,3058,34,0,0
ALRT-00791,2026-01-01T13:11:00,10.0.111.190,192.168.1.182,udp,2.21,1130,3786,62,0,0
ALRT-00792,2026-01-01T13:12:00,10.0.60.153,192.168.1.198,icmp,34.68,82084,272,553,30,1
ALRT-00793,2026-01-01T13:13:00,10.0.146.169,192.168.1.130,tcp,0.92,787,3491,35,0,0
ALRT-00794,2026-01-01T13:14:00,10.0.107.188,192.168.1.13,tcp,0.84,1096,2746,49,0,0
ALRT-00795,2026-01-01T13:15:00,10.0.18.190,192.168.1.221,tcp,0.69,1249,3442,38,0,0
ALRT-00796,2026-01-01T13:16:00,10.0.207.225,192.168.1.119,tcp,1.28,1356,2954,28,0,0
ALRT-00797,2026-01-01T13:17:00,10.0.235.89,192.168.1.171,tcp,1.49,1357,4230,54,0,0
ALRT-00798,2026-01-01T13:18:00,10.0.11.166,192.168.1.231,udp,1.71,1392,1908,43,0,0
ALRT-00799,2026-01-01T13:19:00,10.0.23.71,192.168.1.92,tcp,1.77,1459,2922,32,0,0
ALRT-00800,2026-01-01T13:20:00,10.0.179.151,192.168.1.158,tcp,0.88,1038,3742,26,0,0
ALRT-00801,2026-01-01T13:21:00,10.0.154.191,192.168.1.5,udp,12.1,47054,78,582,12,1
ALRT-00802,2026-01-01T13:22:00,10.0.42.201,192.168.1.224,tcp,2.5,1331,3957,26,0,0
ALRT-00803,2026-01-01T13:23:00,10.0.149.107,192.168.1.15,tcp,1.44,688,1599,50,0,0
ALRT-00804,2026-01-01T13:24:00,10.0.118.129,192.168.1.137,tcp,1.94,1268,2328,34,0,0
ALRT-00805,2026-01-01T13:25:00,10.0.140.85,192.168.1.90,tcp,0.9,1538,2185,39,0,0
ALRT-00806,2026-01-01T13:26:00,10.0.56.43,192.168.1.10,tcp,0.27,1485,3364,28,0,0
ALRT-00807,2026-01-01T13:27:00,10.0.86.66,192.168.1.117,tcp,1.46,1346,2761,40,0,0
ALRT-00808,2026-01-01T13:28:00,10.0.131.231,192.168.1.237,tcp,2.38,269,3112,76,0,0
ALRT-00809,2026-01-01T13:29:00,10.0.27.79,192.168.1.43,tcp,6.68,512,3275,28,0,0
ALRT-00810,2026-01-01T13:30:00,10.0.12.247,192.168.1.74,udp,7.31,816,3383,29,0,0
ALRT-00811,2026-01-01T13:31:00,10.0.178.62,192.168.1.48,tcp,3.77,1130,2489,30,0,0
ALRT-00812,2026-01-01T13:32:00,10.0.105.183,192.168.1.32,udp,1.99,1399,3535,40,0,0
ALRT-00813,2026-01-01T13:33:00,10.0.244.146,192.168.1.59,tcp,1.21,1237,2598,31,0,0
ALRT-00814,2026-01-01T13:34:00,10.0.69.177,192.168.1.145,udp,0.69,552,2333,45,0,0
ALRT-00815,2026-01-01T13:35:00,10.0.174.163,192.168.1.198,tcp,2.18,867,1255,50,0,0
ALRT-00816,2026-01-01T13:36:00,10.0.11.179,192.168.1.175,tcp,3.92,1230,2556,39,0,0
ALRT-00817,2026-01-01T13:37:00,10.0.5.230,192.168.1.196,tcp,0.33,873,3501,31,0,0
ALRT-00818,2026-01-01T13:38:00,10.0.224.143,192.168.1.182,tcp,1.27,1356,4478,25,0,0
ALRT-00819,2026-01-01T13:39:00,10.0.164.18,192.168.1.97,tcp,6.03,463,3444,34,1,0
ALRT-00820,2026-01-01T13:40:00,10.0.222.69,192.168.1.228,udp,0.13,1059,3665,41,0,0
ALRT-00821,2026-01-01T13:41:00,10.0.66.180,192.168.1.44,udp,0.68,1114,3182,43,0,0
ALRT-00822,2026-01-01T13:42:00,10.0.239.126,192.168.1.178,udp,1.69,1206,4105,48,0,0
ALRT-00823,2026-01-01T13:43:00,10.0.129.139,192.168.1.29,tcp,0.16,1597,1797,32,0,0
ALRT-00824,2026-01-01T13:44:00,10.0.74.151,192.168.1.194,tcp,0.37,325,3464,51,0,0
ALRT-00825,2026-01-01T13:45:00,10.0.245.97,192.168.1.23,udp,1.44,1507,1327,44,0,0
ALRT-00826,2026-01-01T13:46:00,10.0.197.196,192.168.1.55,tcp,3.14,1626,2662,32,0,0
ALRT-00827,2026-01-01T13:47:00,10.0.216.184,192.168.1.99,tcp,0.22,514,2159,50,0,0
ALRT-00828,2026-01-01T13:48:00,10.0.234.181,192.168.1.176,tcp,1.12,2110,3667,35,0,0
ALRT-00829,2026-01-01T13:49:00,10.0.248.181,192.168.1.12,tcp,0.72,436,1788,34,0,0
ALRT-00830,2026-01-01T13:50:00,10.0.213.226,192.168.1.66,tcp,0.68,1681,3233,46,0,0
ALRT-00831,2026-01-01T13:51:00,10.0.250.151,192.168.1.85,tcp,2.57,919,2311,31,0,0
ALRT-00832,2026-01-01T13:52:00,10.0.181.245,192.168.1.185,tcp,2.37,489,1809,39,0,0
ALRT-00833,2026-01-01T13:53:00,10.0.96.31,192.168.1.244,tcp,2.7,1564,5224,48,0,0
ALRT-00834,2026-01-01T13:54:00,10.0.225.160,192.168.1.156,tcp,2.82,769,3878,39,0,0
ALRT-00835,2026-01-01T13:55:00,10.0.109.182,192.168.1.129,tcp,1.38,628,2582,37,0,0
ALRT-00836,2026-01-01T13:56:00,10.0.8.121,192.168.1.86,tcp,1.41,551,3238,49,0,0
ALRT-00837,2026-01-01T13:57:00,10.0.67.73,192.168.1.209,tcp,2.88,1203,3981,42,0,0
ALRT-00838,2026-01-01T13:58:00,10.0.247.140,192.168.1.28,udp,0.36,1343,2151,42,0,0
ALRT-00839,2026-01-01T13:59:00,10.0.35.93,192.168.1.33,tcp,3.33,1202,2944,22,0,0
ALRT-00840,2026-01-01T14:00:00,10.0.61.231,192.168.1.51,tcp,0.19,1428,1446,53,0,0
ALRT-00841,2026-01-01T14:01:00,10.0.74.91,192.168.1.68,tcp,1.0,926,3653,27,0,0
ALRT-00842,2026-01-01T14:02:00,10.0.85.45,192.168.1.117,tcp,1.59,1706,1613,49,1,0
ALRT-00843,2026-01-01T14:03:00,10.0.198.146,192.168.1.240,tcp,1.34,1586,2735,27,0,0
ALRT-00844,2026-01-01T14:04:00,10.0.111.101,192.168.1.165,tcp,3.75,855,3046,62,0,0
ALRT-00845,2026-01-01T14:05:00,10.0.170.25,192.168.1.98,tcp,1.79,1814,3326,38,0,0
ALRT-00846,2026-01-01T14:06:00,10.0.237.143,192.168.1.54,tcp,2.49,1464,3122,38,0,0
ALRT-00847,2026-01-01T14:07:00,10.0.58.137,192.168.1.165,tcp,0.27,843,2959,16,0,0
ALRT-00848,2026-01-01T14:08:00,10.0.217.44,192.168.1.65,udp,1.44,1126,3159,32,1,0
ALRT-00849,2026-01-01T14:09:00,10.0.133.152,192.168.1.247,tcp,0.26,708,2915,43,0,0
ALRT-00850,2026-01-01T14:10:00,10.0.206.144,192.168.1.121,tcp,1.02,793,2516,42,0,0
ALRT-00851,2026-01-01T14:11:00,10.0.187.196,192.168.1.140,udp,0.33,1104,2942,52,0,0
ALRT-00852,2026-01-01T14:12:00,10.0.227.92,192.168.1.229,tcp,1.74,1189,2054,43,0,0
ALRT-00853,2026-01-01T14:13:00,10.0.179.63,192.168.1.78,tcp,0.44,1513,2663,31,0,0
ALRT-00854,2026-01-01T14:14:00,10.0.215.241,192.168.1.120,tcp,3.61,1008,5069,30,0,0
ALRT-00855,2026-01-01T14:15:00,10.0.75.142,192.168.1.135,tcp,0.04,431,2033,39,0,0
ALRT-00856,2026-01-01T14:16:00,10.0.209.7,192.168.1.69,tcp,2.2,2253,4248,55,0,0
ALRT-00857,2026-01-01T14:17:00,10.0.179.208,192.168.1.14,tcp,2.83,1277,2228,28,0,0
ALRT-00858,2026-01-01T14:18:00,10.0.222.50,192.168.1.72,tcp,1.02,1473,3050,35,0,0
ALRT-00859,2026-01-01T14:19:00,10.0.193.199,192.168.1.29,tcp,0.61,1091,2368,42,0,0
ALRT-00860,2026-01-01T14:20:00,10.0.0.179,192.168.1.171,tcp,5.14,1563,1340,31,0,0
ALRT-00861,2026-01-01T14:21:00,10.0.159.246,192.168.1.2,tcp,1.2,799,2438,35,0,0
ALRT-00862,2026-01-01T14:22:00,10.0.10.245,192.168.1.81,tcp,0.33,1222,4450,38,0,0
ALRT-00863,2026-01-01T14:23:00,10.0.145.70,192.168.1.224,tcp,0.44,1387,3591,30,0,0
ALRT-00864,2026-01-01T14:24:00,10.0.98.194,192.168.1.144,tcp,1.99,1478,3987,44,0,0
ALRT-00865,2026-01-01T14:25:00,10.0.253.81,192.168.1.170,tcp,6.18,1539,3090,47,0,0
ALRT-00866,2026-01-01T14:26:00,10.0.250.160,192.168.1.170,tcp,0.31,1323,3703,55,0,0
ALRT-00867,2026-01-01T14:27:00,10.0.48.152,192.168.1.76,tcp,0.5,1041,3233,53,0,0
ALRT-00868,2026-01-01T14:28:00,10.0.204.14,192.168.1.160,tcp,1.45,718,3018,40,0,0
ALRT-00869,2026-01-01T14:29:00,10.0.20.2,192.168.1.56,tcp,0.54,1647,2854,30,0,0
ALRT-00870,2026-01-01T14:30:00,10.0.145.15,192.168.1.161,tcp,1.94,1071,2746,39,0,0
ALRT-00871,2026-01-01T14:31:00,10.0.237.33,192.168.1.173,tcp,3.41,1172,2474,47,0,0
ALRT-00872,2026-01-01T14:32:00,10.0.18.66,192.168.1.222,tcp,3.24,77525,297,551,5,1
ALRT-00873,2026-01-01T14:33:00,10.0.194.230,192.168.1.233,udp,1.8,1742,1846,39,0,0
ALRT-00874,2026-01-01T14:34:00,10.0.64.132,192.168.1.7,tcp,1.83,1015,2596,25,0,0
ALRT-00875,2026-01-01T14:35:00,10.0.197.202,192.168.1.76,tcp,15.14,41800,194,869,0,1
ALRT-00876,2026-01-01T14:36:00,10.0.38.213,192.168.1.139,tcp,0.76,965,3489,44,0,0
ALRT-00877,2026-01-01T14:37:00,10.0.221.186,192.168.1.82,udp,2.51,55,4723,55,0,0
ALRT-00878,2026-01-01T14:38:00,10.0.134.100,192.168.1.157,tcp,3.94,1374,2199,44,0,0
ALRT-00879,2026-01-01T14:39:00,10.0.226.219,192.168.1.217,tcp,0.23,710,3618,68,0,0
ALRT-00880,2026-01-01T14:40:00,10.0.132.188,192.168.1.66,tcp,3.09,1841,3273,43,0,0
ALRT-00881,2026-01-01T14:41:00,10.0.101.189,192.168.1.227,tcp,7.92,1467,3439,31,0,0
ALRT-00882,2026-01-01T14:42:00,10.0.22.229,192.168.1.224,tcp,1.14,1250,3229,27,0,0
ALRT-00883,2026-01-01T14:43:00,10.0.131.152,192.168.1.232,tcp,0.03,738,1893,35,0,0
ALRT-00884,2026-01-01T14:44:00,10.0.48.134,192.168.1.19,tcp,1.07,1128,3707,49,0,0
ALRT-00885,2026-01-01T14:45:00,10.0.0.226,192.168.1.75,tcp,0.55,1398,3179,43,0,0
ALRT-00886,2026-01-01T14:46:00,10.0.190.115,192.168.1.32,tcp,1.47,497,2762,46,0,0
ALRT-00887,2026-01-01T14:47:00,10.0.213.206,192.168.1.31,tcp,0.97,836,3070,72,0,0
ALRT-00888,2026-01-01T14:48:00,10.0.30.14,192.168.1.14,tcp,2.13,1134,3820,41,0,0
ALRT-00889,2026-01-01T14:49:00,10.0.64.1,192.168.1.112,tcp,0.8,685,2359,44,0,0
ALRT-00890,2026-01-01T14:50:00,10.0.146.134,192.168.1.23,tcp,1.17,817,3403,28,0,0
ALRT-00891,2026-01-01T14:51:00,10.0.137.19,192.168.1.75,udp,0.85,457,4243,41,0,0
ALRT-00892,2026-01-01T14:52:00,10.0.234.248,192.168.1.249,tcp,15.23,1862,3765,19,0,0
ALRT-00893,2026-01-01T14:53:00,10.0.150.2,192.168.1.224,udp,2.77,1490,2829,67,0,0
ALRT-00894,2026-01-01T14:54:00,10.0.100.182,192.168.1.238,tcp,0.23,1695,4444,34,0,0
ALRT-00895,2026-01-01T14:55:00,10.0.190.62,192.168.1.10,udp,2.13,822,4195,38,0,0
ALRT-00896,2026-01-01T14:56:00,10.0.209.245,192.168.1.168,tcp,9.27,926,3706,43,0,0
ALRT-00897,2026-01-01T14:57:00,10.0.129.97,192.168.1.161,tcp,0.38,1260,3436,19,0,0
ALRT-00898,2026-01-01T14:58:00,10.0.134.7,192.168.1.34,tcp,2.87,1460,3495,36,0,0
ALRT-00899,2026-01-01T14:59:00,10.0.133.7,192.168.1.230,tcp,9.98,63655,226,1413,12,1
ALRT-00900,2026-01-01T15:00:00,10.0.8.141,192.168.1.103,udp,1.43,1179,3013,41,0,0
ALRT-00901,2026-01-01T15:01:00,10.0.130.250,192.168.1.248,tcp,1.11,1332,3537,40,0,0
ALRT-00902,2026-01-01T15:02:00,10.0.129.248,192.168.1.29,tcp,3.46,1441,3258,42,0,0
ALRT-00903,2026-01-01T15:03:00,10.0.205.86,192.168.1.165,udp,0.68,1548,3436,52,0,0
ALRT-00904,2026-01-01T15:04:00,10.0.236.123,192.168.1.34,udp,0.97,1002,1223,30,0,0
ALRT-00905,2026-01-01T15:05:00,10.0.151.26,192.168.1.241,tcp,0.1,985,3359,37,0,0
ALRT-00906,2026-01-01T15:06:00,10.0.54.133,192.168.1.154,tcp,2.11,979,2452,52,0,0
ALRT-00907,2026-01-01T15:07:00,10.0.69.152,192.168.1.20,udp,0.28,2229,2240,43,0,0
ALRT-00908,2026-01-01T15:08:00,10.0.20.64,192.168.1.55,tcp,0.72,1314,3944,14,0,0
ALRT-00909,2026-01-01T15:09:00,10.0.169.155,192.168.1.91,tcp,1.12,1104,2718,27,0,0
ALRT-00910,2026-01-01T15:10:00,10.0.250.228,192.168.1.4,tcp,5.74,1245,3008,6,0,0
ALRT-00911,2026-01-01T15:11:00,10.0.206.1,192.168.1.3,tcp,2.02,1040,4072,3,0,0
ALRT-00912,2026-01-01T15:12:00,10.0.153.58,192.168.1.235,tcp,0.51,1019,1947,47,0,0
ALRT-00913,2026-01-01T15:13:00,10.0.68.54,192.168.1.249,tcp,4.65,696,1024,44,0,0
ALRT-00914,2026-01-01T15:14:00,10.0.116.32,192.168.1.136,udp,2.81,1383,2563,39,0,0
ALRT-00915,2026-01-01T15:15:00,10.0.135.43,192.168.1.229,tcp,1.49,579,2489,20,0,0
ALRT-00916,2026-01-01T15:16:00,10.0.127.159,192.168.1.166,tcp,0.88,1588,2149,66,0,0
ALRT-00917,2026-01-01T15:17:00,10.0.45.26,192.168.1.8,icmp,5.78,45940,370,814,0,1
ALRT-00918,2026-01-01T15:18:00,10.0.205.187,192.168.1.181,tcp,3.99,1598,3638,50,0,0
ALRT-00919,2026-01-01T15:19:00,10.0.66.225,192.168.1.5,tcp,0.63,1507,3808,44,1,0
ALRT-00920,2026-01-01T15:20:00,10.0.56.235,192.168.1.207,tcp,3.72,1302,3896,43,0,0
ALRT-00921,2026-01-01T15:21:00,10.0.28.168,192.168.1.93,tcp,0.31,1492,3356,26,0,0
ALRT-00922,2026-01-01T15:22:00,10.0.4.50,192.168.1.36,udp,1.43,1476,3295,38,0,0
ALRT-00923,2026-01-01T15:23:00,10.0.103.22,192.168.1.66,tcp,5.86,920,2274,32,1,0
ALRT-00924,2026-01-01T15:24:00,10.0.116.59,192.168.1.173,udp,4.24,1656,2840,79,0,0
ALRT-00925,2026-01-01T15:25:00,10.0.25.244,192.168.1.215,tcp,0.73,1499,3136,57,0,0
ALRT-00926,2026-01-01T15:26:00,10.0.250.244,192.168.1.145,tcp,3.45,886,2944,24,0,0
ALRT-00927,2026-01-01T15:27:00,10.0.39.97,192.168.1.41,tcp,4.25,1279,1409,28,0,0
ALRT-00928,2026-01-01T15:28:00,10.0.83.83,192.168.1.228,udp,3.49,830,3621,27,0,0
ALRT-00929,2026-01-01T15:29:00,10.0.106.130,192.168.1.201,tcp,0.16,885,1462,43,0,0
ALRT-00930,2026-01-01T15:30:00,10.0.123.74,192.168.1.104,tcp,2.98,433,2963,63,0,0
ALRT-00931,2026-01-01T15:31:00,10.0.249.248,192.168.1.141,tcp,0.35,1691,1720,38,0,0
ALRT-00932,2026-01-01T15:32:00,10.0.84.56,192.168.1.244,tcp,0.88,1774,2435,59,0,0
ALRT-00933,2026-01-01T15:33:00,10.0.135.94,192.168.1.96,tcp,0.38,1299,1954,66,0,0
ALRT-00934,2026-01-01T15:34:00,10.0.251.109,192.168.1.7,udp,0.06,1012,2694,38,0,0
ALRT-00935,2026-01-01T15:35:00,10.0.10.32,192.168.1.37,tcp,0.7,1516,2953,46,0,0
ALRT-00936,2026-01-01T15:36:00,10.0.19.97,192.168.1.152,tcp,3.18,2084,2703,43,0,0
ALRT-00937,2026-01-01T15:37:00,10.0.80.217,192.168.1.253,udp,0.56,1641,2032,22,0,0
ALRT-00938,2026-01-01T15:38:00,10.0.227.36,192.168.1.188,tcp,1.94,904,2258,38,0,0
ALRT-00939,2026-01-01T15:39:00,10.0.240.148,192.168.1.157,udp,0.83,1888,2682,56,0,0
ALRT-00940,2026-01-01T15:40:00,10.0.78.103,192.168.1.82,tcp,0.59,1038,3240,25,0,0
ALRT-00941,2026-01-01T15:41:00,10.0.112.44,192.168.1.112,icmp,15.23,70961,269,735,5,1
ALRT-00942,2026-01-01T15:42:00,10.0.221.4,192.168.1.10,tcp,2.24,1363,2140,14,0,0
ALRT-00943,2026-01-01T15:43:00,10.0.17.70,192.168.1.94,tcp,0.75,743,3283,32,0,0
ALRT-00944,2026-01-01T15:44:00,10.0.36.16,192.168.1.158,tcp,1.73,1165,2764,28,0,0
ALRT-00945,2026-01-01T15:45:00,10.0.97.96,192.168.1.230,udp,11.47,35960,316,615,0,1
ALRT-00946,2026-01-01T15:46:00,10.0.32.205,192.168.1.234,tcp,5.31,1435,2174,37,0,0
ALRT-00947,2026-01-01T15:47:00,10.0.225.183,192.168.1.208,tcp,4.46,838,2057,33,0,0
ALRT-00948,2026-01-01T15:48:00,10.0.133.240,192.168.1.6,tcp,0.85,1327,3138,31,0,0
ALRT-00949,2026-01-01T15:49:00,10.0.89.109,192.168.1.206,tcp,6.36,674,1179,44,0,0
ALRT-00950,2026-01-01T15:50:00,10.0.3.180,192.168.1.56,udp,3.57,1587,3041,9,0,0
ALRT-00951,2026-01-01T15:51:00,10.0.23.169,192.168.1.156,udp,1.65,958,4504,35,0,0
ALRT-00952,2026-01-01T15:52:00,10.0.199.55,192.168.1.240,tcp,4.98,1587,2831,39,0,0
ALRT-00953,2026-01-01T15:53:00,10.0.156.77,192.168.1.225,tcp,0.21,1608,3982,30,0,0
ALRT-00954,2026-01-01T15:54:00,10.0.101.135,192.168.1.169,tcp,3.94,1403,2166,10,0,0
ALRT-00955,2026-01-01T15:55:00,10.0.63.202,192.168.1.76,tcp,3.9,556,2760,43,0,0
ALRT-00956,2026-01-01T15:56:00,10.0.100.117,192.168.1.132,tcp,1.73,759,1554,24,0,0
ALRT-00957,2026-01-01T15:57:00,10.0.207.58,192.168.1.179,tcp,0.89,873,3346,43,0,0
ALRT-00958,2026-01-01T15:58:00,10.0.115.252,192.168.1.131,tcp,5.53,541,566,40,0,0
ALRT-00959,2026-01-01T15:59:00,10.0.101.30,192.168.1.103,tcp,0.6,938,2516,35,0,0
ALRT-00960,2026-01-01T16:00:00,10.0.72.242,192.168.1.102,tcp,0.56,1515,3696,37,0,0
ALRT-00961,2026-01-01T16:01:00,10.0.193.205,192.168.1.152,tcp,0.52,1235,1877,30,0,0
ALRT-00962,2026-01-01T16:02:00,10.0.64.213,192.168.1.10,tcp,0.15,1042,2197,51,0,0
ALRT-00963,2026-01-01T16:03:00,10.0.100.202,192.168.1.253,tcp,0.23,812,4620,17,0,0
ALRT-00964,2026-01-01T16:04:00,10.0.224.53,192.168.1.26,tcp,0.58,1574,2409,33,0,0
ALRT-00965,2026-01-01T16:05:00,10.0.239.161,192.168.1.250,tcp,5.01,953,3459,39,0,0
ALRT-00966,2026-01-01T16:06:00,10.0.186.192,192.168.1.9,tcp,2.74,1444,1688,57,0,0
ALRT-00967,2026-01-01T16:07:00,10.0.42.189,192.168.1.130,tcp,0.06,725,5779,30,0,0
ALRT-00968,2026-01-01T16:08:00,10.0.54.69,192.168.1.106,tcp,5.3,1433,2583,15,0,0
ALRT-00969,2026-01-01T16:09:00,10.0.29.46,192.168.1.146,tcp,2.29,768,3166,38,0,0
ALRT-00970,2026-01-01T16:10:00,10.0.249.84,192.168.1.110,tcp,0.75,21563,231,491,30,1
ALRT-00971,2026-01-01T16:11:00,10.0.98.122,192.168.1.228,tcp,1.14,1161,3125,26,0,0
ALRT-00972,2026-01-01T16:12:00,10.0.181.146,192.168.1.5,udp,0.8,1694,2596,54,0,0
ALRT-00973,2026-01-01T16:13:00,10.0.136.212,192.168.1.250,tcp,0.59,1542,4286,48,0,0
ALRT-00974,2026-01-01T16:14:00,10.0.126.195,192.168.1.175,udp,5.4,1716,2211,53,0,0
ALRT-00975,2026-01-01T16:15:00,10.0.232.172,192.168.1.197,tcp,3.6,556,2777,31,0,0
ALRT-00976,2026-01-01T16:16:00,10.0.9.67,192.168.1.36,tcp,3.91,838,2678,27,0,0
ALRT-00977,2026-01-01T16:17:00,10.0.157.122,192.168.1.17,tcp,6.54,1030,1332,46,0,0
ALRT-00978,2026-01-01T16:18:00,10.0.72.85,192.168.1.101,tcp,0.26,1441,2879,62,0,0
ALRT-00979,2026-01-01T16:19:00,10.0.19.60,192.168.1.82,udp,2.94,360,2836,32,0,0
ALRT-00980,2026-01-01T16:20:00,10.0.199.3,192.168.1.199,tcp,1.56,611,3286,50,0,0
ALRT-00981,2026-01-01T16:21:00,10.0.213.86,192.168.1.227,tcp,0.79,1774,3491,33,0,0
ALRT-00982,2026-01-01T16:22:00,10.0.206.65,192.168.1.109,tcp,1.61,471,3692,55,0,0
ALRT-00983,2026-01-01T16:23:00,10.0.211.145,192.168.1.195,udp,3.23,1235,2881,47,0,0
ALRT-00984,2026-01-01T16:24:00,10.0.217.16,192.168.1.16,tcp,1.18,1114,4087,27,0,0
ALRT-00985,2026-01-01T16:25:00,10.0.203.69,192.168.1.188,tcp,0.14,1212,4060,43,0,0
ALRT-00986,2026-01-01T16:26:00,10.0.91.12,192.168.1.26,tcp,1.4,1279,3878,17,0,0
ALRT-00987,2026-01-01T16:27:00,10.0.243.163,192.168.1.169,tcp,0.65,1293,1414,38,0,0
ALRT-00988,2026-01-01T16:28:00,10.0.250.144,192.168.1.97,tcp,4.52,1284,2715,53,0,0
ALRT-00989,2026-01-01T16:29:00,10.0.40.86,192.168.1.106,tcp,1.58,800,3582,53,0,0
ALRT-00990,2026-01-01T16:30:00,10.0.112.38,192.168.1.70,tcp,1.47,1188,4268,36,0,0
ALRT-00991,2026-01-01T16:31:00,10.0.237.243,192.168.1.103,tcp,7.35,1077,3694,19,0,0
ALRT-00992,2026-01-01T16:32:00,10.0.143.148,192.168.1.222,tcp,0.67,50,1868,31,0,0
ALRT-00993,2026-01-01T16:33:00,10.0.179.172,192.168.1.205,tcp,1.36,870,2415,23,0,0
ALRT-00994,2026-01-01T16:34:00,10.0.15.135,192.168.1.87,tcp,2.74,1295,4418,45,0,0
ALRT-00995,2026-01-01T16:35:00,10.0.198.205,192.168.1.75,tcp,2.84,933,3679,47,0,0
ALRT-00996,2026-01-01T16:36:00,10.0.151.227,192.168.1.129,tcp,0.85,1698,3673,44,0,0
ALRT-00997,2026-01-01T16:37:00,10.0.149.97,192.168.1.174,tcp,0.77,720,2791,38,0,0
ALRT-00998,2026-01-01T16:38:00,10.0.112.175,192.168.1.47,tcp,1.5,839,4569,53,0,0
ALRT-00999,2026-01-01T16:39:00,10.0.226.59,192.168.1.184,tcp,3.74,1163,3380,61,0,0
